Vessel Name,Port Call Type,Port Type,Port At Call,Ata/atd,Voyage Origin Port,Leg Start Port/anch,In Transit Port Calls,MMSI,Imo,Voyage Origin Port Atd,Vessel Type - Generic,Capacity - Dwt,My Fleets,Flag
TB.MARC ALEXANDRO 11,DEPARTURE,Port,GRESIK,2021-12-08 00:40 UTC,-,-,Not in Transit,525024101,0,2021-11-27 05:52 UTC,Tug,-,-,Indonesia
JAYANEGARA 203,DEPARTURE,Port,GRESIK,2021-12-08 00:41 UTC,-,-,Not in Transit,525200068,9793648,2021-12-07 15:16 UTC,Tug,190,-,Indonesia
LCT. RPB XVII,ARRIVAL,Port,GRESIK,2021-12-08 01:04 UTC,GRESIK,GRESIK,Not in Transit,525005380,0,2021-11-20 15:36 UTC,Other,-,-,Indonesia
JAYANEGARA 203,ARRIVAL,Port,GRESIK,2021-12-08 01:12 UTC,GRESIK,GRESIK,Not in Transit,525200068,9793648,2021-12-08 00:41 UTC,Tug,190,-,Indonesia
KM EXPRESS BAHARI 6F,DEPARTURE,Port,GRESIK,2021-12-08 02:20 UTC,-,-,Not in Transit,525500455,0,-,Passenger,-,-,Indonesia
BRAWIDJAYA I,DEPARTURE,Port,GRESIK,2021-12-08 04:13 UTC,-,-,Not in Transit,525400542,8678700,2021-11-10 14:46 UTC,Tug,-,-,Indonesia
ALESSA,DEPARTURE,Port,GRESIK,2021-12-08 04:22 UTC,-,-,Not in Transit,525121021,9438262,2021-11-26 12:54 UTC,Tanker,9027,-,Indonesia
S.VICTORY.15,ARRIVAL,Port,GRESIK,2021-12-08 04:40 UTC,SAMPIT,SAMPIT ANCH,Not in Transit,525400201,0,2021-11-24 11:19 UTC,Tug,-,-,Indonesia
TB. MARINA 2206,ARRIVAL,Port,GRESIK,2021-12-08 05:25 UTC,PALEMBANG,PALEMBANG ANCH,Not in Transit,525020338,0,2021-11-01 10:12 UTC,Tug,-,-,Indonesia
ACACIA,ARRIVAL,Port,GRESIK,2021-12-08 05:34 UTC,SONGKHLA,SURABAYA ANCH,Not in Transit,371044000,9476599,2021-11-15 14:27 UTC,Tanker,13565,-,Panama
TB.KSA 90,ARRIVAL,Port,GRESIK,2021-12-08 05:57 UTC,TUBAN,TUBAN,Not in Transit,525400597,0,2021-12-06 02:52 UTC,Tug,-,-,Indonesia
TB.CAHAYA SURYA 2,ARRIVAL,Port,GRESIK,2021-12-08 06:34 UTC,SURABAYA RIVER ANCH,SURABAYA RIVER ANCH,Not in Transit,525003428,0,2021-12-08 06:19 UTC,Tug,-,-,Indonesia
GUNTA III,DEPARTURE,Port,GRESIK,2021-12-08 07:02 UTC,-,-,Not in Transit,525200857,0,2021-12-03 05:02 UTC,Tug,-,-,Indonesia
IMMANUEL WGSR 01,ARRIVAL,Port,GRESIK,2021-12-08 07:04 UTC,-,-,Not in Transit,525301304,0,-,Tug,-,-,Indonesia
KT.SUBALI.2,DEPARTURE,Port,GRESIK,2021-12-08 07:31 UTC,-,-,Not in Transit,525100619,8993746,2021-12-07 05:05 UTC,Tug,-,-,Indonesia
IMMANUEL WGSR 01,DEPARTURE,Port,GRESIK,2021-12-08 07:43 UTC,-,-,Not in Transit,525301304,0,-,Tug,-,-,Indonesia
GIAT ARMADA 01,ARRIVAL,Port,GRESIK,2021-12-08 07:51 UTC,BADE,SURABAYA ANCH,Not in Transit,525201554,9079755,2021-11-26 21:30 UTC,Tanker,3950,-,Indonesia
KT.SUBALI.2,ARRIVAL,Port,GRESIK,2021-12-08 07:52 UTC,GRESIK,GRESIK,Not in Transit,525100619,8993746,2021-12-08 07:31 UTC,Tug,-,-,Indonesia
IMMANUEL WGSR 01,ARRIVAL,Port,GRESIK,2021-12-08 07:58 UTC,GRESIK,GRESIK,Not in Transit,525301304,0,2021-12-08 07:43 UTC,Tug,-,-,Indonesia
KARYA MANDIRI,DEPARTURE,Port,GRESIK,2021-12-08 08:13 UTC,-,-,Not in Transit,525019233,8519538,2021-11-20 09:09 UTC,Cargo,1550,-,Indonesia
KMP. SAMUDRA UTAMA,DEPARTURE,Port,GRESIK,2021-12-08 08:13 UTC,-,-,Not in Transit,525005290,0,2021-11-13 01:18 UTC,Tug,-,-,Indonesia
TB BAHTERA ZALFA,DEPARTURE,Port,GRESIK,2021-12-08 08:34 UTC,-,-,Not in Transit,525101936,0,2021-11-29 14:16 UTC,Tug,-,-,Indonesia
KM.KY 02,ARRIVAL,Port,GRESIK,2021-12-08 09:10 UTC,GRESIK,GRESIK,Not in Transit,525900127,0,2021-11-03 14:16 UTC,Cargo,-,-,Indonesia
SEROJA XVI,DEPARTURE,Port,GRESIK,2021-12-08 09:23 UTC,-,-,Not in Transit,525024402,9767223,2021-11-30 04:29 UTC,Tanker,5573,-,Indonesia
TB. BA 999,DEPARTURE,Port,GRESIK,2021-12-08 09:26 UTC,-,-,Not in Transit,525023263,0,-,Tug,-,-,Indonesia
SEROJA III,ARRIVAL,Port,GRESIK,2021-12-08 12:11 UTC,PONTIANAK,SURABAYA ANCH,Not in Transit,,,,Tanker,,-,Indonesia
JAYANEGARA 203,DEPARTURE,Port,GRESIK,2021-12-08 13:22 UTC,-,-,Not in Transit,,,,Tug,,-,Indonesia
JAYANEGARA 203,ARRIVAL,Port,GRESIK,2021-12-08 14:58 UTC,GRESIK,GRESIK,Not in Transit,,,,Tug,,-,Indonesia
PUSAKA ABADI,DEPARTURE,Port,GRESIK,2021-12-08 15:25 UTC,-,-,Not in Transit,,,,Tanker,,-,Malaysia
SEROJA XIII,DEPARTURE,Port,GRESIK,2021-12-08 19:43 UTC,-,-,Not in Transit,,,,Tanker,,-,Indonesia
TUNAS BARU,DEPARTURE,Port,GRESIK,2021-12-08 19:57 UTC,-,-,Not in Transit,,,,Cargo,,-,Indonesia
LCT. RPB XVII,DEPARTURE,Port,GRESIK,2021-12-08 21:25 UTC,-,-,Not in Transit,,,,Other,,-,Indonesia
TEGAS JAYA,ARRIVAL,Port,GRESIK,2021-12-08 22:19 UTC,PERTAMINA ABHERKA,PERTAMINA ABHERKA,Not in Transit,,,,Crew Boat,,-,Indonesia
CB.EP ALFA SURABAYA,ARRIVAL,Port,GRESIK,2021-12-08 23:19 UTC,PERTAMINA ABHERKA,PERTAMINA ABHERKA,Not in Transit,,,,Crew Boat,,-,Indonesia
SERVEWELL VIRTUE,DEPARTURE,Port,GRESIK,2021-12-08 23:32 UTC,-,-,Not in Transit,,,,Crew Boat,,-,Indonesia
SMS VINCENT,DEPARTURE,Port,GRESIK,2021-12-08 23:46 UTC,-,-,Not in Transit,,,,Utility Vessel,,-,Indonesia
TRIFOSA,DEPARTURE,Port,GRESIK,2021-12-09 00:32 UTC,-,-,Not in Transit,,,,Cargo,,-,Indonesia
HARAPAN BARU,DEPARTURE,Port,GRESIK,2021-12-09 00:34 UTC,-,-,Not in Transit,,,,Tanker,,-,Malaysia
EDRICKO 3,ARRIVAL,Port,GRESIK,2021-12-09 00:51 UTC,CILACAP,SURABAYA ANCH,Not in Transit,,,,Tanker,,-,Indonesia
KM SEJAHTERA 25,ARRIVAL,Port,GRESIK,2021-12-09 01:13 UTC,GRESIK,GRESIK,Not in Transit,,,,Cargo,,-,Indonesia
SEROJA XXIII,ARRIVAL,Port,GRESIK,2021-12-09 01:32 UTC,TELUKBAYUR,TELUKBAYUR,Not in Transit,,,,Tanker,,-,Indonesia
EASY PROSPERITY,DEPARTURE,Port,GRESIK,2021-12-09 01:34 UTC,-,-,Not in Transit,,,,Cargo,,-,Panama
TRIFOSA,ARRIVAL,Port,GRESIK,2021-12-09 01:37 UTC,SURABAYA,SURABAYA,Not in Transit,,,,Cargo,,-,Indonesia
CB.EP ALFA SURABAYA,DEPARTURE,Port,GRESIK,2021-12-09 01:51 UTC,-,-,Not in Transit,,,,Crew Boat,,-,Indonesia
TEGAS JAYA,DEPARTURE,Port,GRESIK,2021-12-09 02:06 UTC,-,-,Not in Transit,,,,Crew Boat,,-,Indonesia
EXPRESS BAHARI 8E,DEPARTURE,Port,GRESIK,2021-12-09 02:26 UTC,-,-,Not in Transit,,,,Passenger,,-,Indonesia
POLAIR3,ARRIVAL,Port,GRESIK,2021-12-09 02:43 UTC,GRESIK,GRESIK,Not in Transit,,,,Other,,-,Indonesia
POLAIR3,DEPARTURE,Port,GRESIK,2021-12-09 03:14 UTC,-,-,Not in Transit,,,,Other,,-,Indonesia
TB.WINSTON,ARRIVAL,Port,GRESIK,2021-12-09 03:30 UTC,SURABAYA,SURABAYA,In Transit,,,,Tug,,-,Indonesia
TB.UVM 88,DEPARTURE,Port,GRESIK,2021-12-09 03:53 UTC,-,-,Not in Transit,,,,Tug,,-,Indonesia
TB.WINSTON,DEPARTURE,Port,GRESIK,2021-12-09 04:19 UTC,-,-,In Transit,,,,Tug,,-,Indonesia
PUTRA PASIFIC 01,ARRIVAL,Port,GRESIK,2021-12-09 05:03 UTC,BANJARMASIN,BANJARMASIN,Not in Transit,,,,Tanker,,-,Indonesia
SERVEWELL VIRTUE,ARRIVAL,Port,GRESIK,2021-12-09 05:19 UTC,GRESIK,GRESIK,Not in Transit,,,,Crew Boat,,-,Indonesia
POLAIR3,ARRIVAL,Port,GRESIK,2021-12-09 05:24 UTC,GRESIK,GRESIK,Not in Transit,,,,Other,,-,Indonesia
TB.SAMUDRA SINDO 28,ARRIVAL,Port,GRESIK,2021-12-09 05:39 UTC,SURABAYA RIVER ANCH,SURABAYA RIVER ANCH,Not in Transit,,,,Tug,,-,Indonesia
POLAIR3,DEPARTURE,Port,GRESIK,2021-12-09 05:44 UTC,-,-,Not in Transit,,,,Other,,-,Indonesia
JAYANEGARA 203,DEPARTURE,Port,GRESIK,2021-12-09 06:38 UTC,-,-,Not in Transit,,,,Tug,,-,Indonesia
IMMANUEL WGSR 01,DEPARTURE,Port,GRESIK,2021-12-09 06:40 UTC,-,-,Not in Transit,,,,Tug,,-,Indonesia
POLAIR3,ARRIVAL,Port,GRESIK,2021-12-09 07:51 UTC,GRESIK,GRESIK,Not in Transit,,,,Other,,-,Indonesia
KTM 1002,ARRIVAL,Port,GRESIK,2021-12-09 08:01 UTC,BANJARMASIN,BANJARMASIN,Not in Transit,,,,Other,,-,Indonesia
TIRTA SAMUDRA XXXII,DEPARTURE,Port,GRESIK,2021-12-09 08:06 UTC,-,-,Not in Transit,,,,Cargo,,-,Indonesia
SEROJA III,DEPARTURE,Port,GRESIK,2021-12-09 08:16 UTC,-,-,Not in Transit,,,,Tanker,,-,Indonesia
JAYANEGARA 304,ARRIVAL,Port,GRESIK,2021-12-09 08:23 UTC,SURABAYA,SURABAYA,In Transit,,,,Tug,,-,Indonesia
JAYANEGARA 203,ARRIVAL,Port,GRESIK,2021-12-09 08:34 UTC,GRESIK,GRESIK,Not in Transit,,,,Tug,,-,Indonesia
INDO DHARMA 9,ARRIVAL,Port,GRESIK,2021-12-09 08:47 UTC,PONTIANAK,PONTIANAK,Not in Transit,,,,Cargo,,-,Indonesia
JAYANEGARA 304,DEPARTURE,Port,GRESIK,2021-12-09 09:01 UTC,-,-,In Transit,525200036,9791377,2021-12-09 06:04 UTC,Tug,-,-,Indonesia
KTM 1002,DEPARTURE,Port,GRESIK,2021-12-09 09:43 UTC,-,-,Not in Transit,525000000,0,2021-12-08 14:08 UTC,Other,-,-,Indonesia
TB.UVM 88,ARRIVAL,Port,GRESIK,2021-12-09 10:15 UTC,GRESIK,GRESIK,Not in Transit,525000000,0,2021-12-09 03:53 UTC,Tug,-,-,Indonesia
SEROJA III,ARRIVAL,Port,GRESIK,2021-12-09 10:29 UTC,GRESIK,GRESIK,Not in Transit,525020127,9662825,2021-12-09 08:16 UTC,Tanker,3500,-,Indonesia
SMS VINCENT,ARRIVAL,Port,GRESIK,2021-12-09 10:29 UTC,GRESIK,GRESIK,Not in Transit,525019391,9459228,2021-12-08 23:46 UTC,Special Craft,96,-,Indonesia
PETROKIMIA GRESIK,DEPARTURE,Port,GRESIK,2021-12-09 11:22 UTC,-,-,Not in Transit,525010255,0,-,High Speed Craft,-,-,Indonesia
TIRTA SAMUDRA XXVIII,ARRIVAL,Port,GRESIK,2021-12-09 11:34 UTC,KUMAI,KUMAI,Not in Transit,525020106,9664146,2021-12-06 23:16 UTC,Cargo,3400,-,Indonesia
TB.BUENA VELA II,ARRIVAL,Port,GRESIK,2021-12-09 12:35 UTC,SAMPIT,SURABAYA RIVER ANCH,Not in Transit,525021065,0,2021-11-13 09:31 UTC,Tug,-,-,Indonesia
PUTRA PASIFIC 01,DEPARTURE,Port,GRESIK,2021-12-09 12:45 UTC,-,-,Not in Transit,525000000,0,2021-12-09 04:54 UTC,Tanker,-,-,Indonesia
TB.JAZZY,DEPARTURE,Port,GRESIK,2021-12-09 13:08 UTC,-,-,Not in Transit,525016271,0,2021-11-23 00:30 UTC,Tug,-,-,Indonesia
TB.SAMUDRA SINDO II,ARRIVAL,Port,GRESIK,2021-12-09 13:09 UTC,SAMPIT,SURABAYA RIVER ANCH,Not in Transit,525020143,0,2021-11-19 20:42 UTC,Other,-,-,Indonesia
TB.YAMDENA02,DEPARTURE,Port,GRESIK,2021-12-09 13:49 UTC,-,-,Not in Transit,525300452,0,2021-11-17 21:52 UTC,Tug,-,-,Indonesia
IMMANUEL WGSR 01,ARRIVAL,Port,GRESIK,2021-12-09 14:22 UTC,GRESIK,GRESIK,Not in Transit,525301304,0,2021-12-09 06:40 UTC,Tug,-,-,Indonesia
KT.SUBALI.2,DEPARTURE,Port,GRESIK,2021-12-09 14:47 UTC,-,-,Not in Transit,525100619,8993746,2021-12-08 07:31 UTC,Tug,-,-,Indonesia
PKP JAYA,DEPARTURE,Port,GRESIK,2021-12-09 14:49 UTC,-,-,Not in Transit,525015847,0,2021-12-02 15:35 UTC,Other,-,-,Indonesia
PETROKIMIA GRESIK,ARRIVAL,Port,GRESIK,2021-12-09 15:09 UTC,GRESIK,GRESIK,Not in Transit,525010255,0,2021-12-09 11:22 UTC,High Speed Craft,-,-,Indonesia
SELARAS MAS,ARRIVAL,Port,GRESIK,2021-12-09 15:25 UTC,TOBELO,SURABAYA ANCH,In Transit,525015287,9488267,2021-12-02 11:08 UTC,Cargo,4201,-,Indonesia
KT.SUBALI.2,ARRIVAL,Port,GRESIK,2021-12-09 15:34 UTC,GRESIK,GRESIK,Not in Transit,525100619,8993746,2021-12-09 14:47 UTC,Tug,-,-,Indonesia
SELARAS MAS,DEPARTURE,Port,GRESIK,2021-12-09 15:49 UTC,-,-,In Transit,525015287,9488267,2021-12-02 11:08 UTC,Cargo,4201,-,Indonesia
KT.SUBALI.2,DEPARTURE,Port,GRESIK,2021-12-09 17:16 UTC,-,-,Not in Transit,525100619,8993746,2021-12-09 14:47 UTC,Tug,-,-,Indonesia
ACACIA,DEPARTURE,Port,GRESIK,2021-12-09 21:55 UTC,-,-,Not in Transit,371044000,9476599,2021-11-15 14:27 UTC,Tanker,13565,-,Panama
KT.SUBALI.2,ARRIVAL,Port,GRESIK,2021-12-09 22:21 UTC,SURABAYA,SURABAYA,Not in Transit,525100619,8993746,2021-12-09 22:07 UTC,Tug,-,-,Indonesia
POLAIR3,DEPARTURE,Port,GRESIK,2021-12-09 22:39 UTC,-,-,Not in Transit,525000003,0,2021-12-09 05:44 UTC,Other,-,-,Indonesia
PUTRA ABADI 77,ARRIVAL,Port,GRESIK,2021-12-09 23:07 UTC,SURABAYA ANCH,SURABAYA ANCH,Not in Transit,525300079,0,2021-12-05 00:59 UTC,Tug,-,-,Indonesia
GILI IYANG,ARRIVAL,Port,GRESIK,2021-12-09 23:18 UTC,GRESIK,GRESIK,Not in Transit,525000109,9717565,2021-12-03 13:22 UTC,Passenger,1109,-,Indonesia
POLAIR3,ARRIVAL,Port,GRESIK,2021-12-09 23:21 UTC,GRESIK,GRESIK,Not in Transit,525000003,0,2021-12-09 22:39 UTC,Other,-,-,Indonesia
CIPTA HARAPAN 99,ARRIVAL,Port,GRESIK,2021-12-09 23:48 UTC,GRESIK,GRESIK,Not in Transit,525200294,9862803,2021-12-06 21:11 UTC,Special Craft,-,-,Indonesia
TB.SAMUDRA SINDO II,DEPARTURE,Port,GRESIK,2021-12-10 00:22 UTC,-,-,Not in Transit,525020143,0,2021-11-19 20:42 UTC,Other,-,-,Indonesia
CORVUS,ARRIVAL,Port,GRESIK,2021-12-10 00:48 UTC,KETAPANG,SURABAYA ANCH,Not in Transit,525119102,9641493,2021-11-08 05:10 UTC,Tanker,5619,-,Indonesia
PUTRA ABADI 77,DEPARTURE,Port,GRESIK,2021-12-10 00:53 UTC,-,-,Not in Transit,525300079,0,2021-12-05 00:59 UTC,Tug,-,-,Indonesia
TB MICHAEL H,DEPARTURE,Port,GRESIK,2021-12-10 01:07 UTC,-,-,In Transit,525800081,0,2021-10-19 02:17 UTC,Tug,-,-,Indonesia
JAYANEGARA 203,DEPARTURE,Port,GRESIK,2021-12-10 02:18 UTC,-,-,Not in Transit,525200068,9793648,2021-12-09 06:38 UTC,Tug,190,-,Indonesia
BINA BENUA 16,ARRIVAL,Port,GRESIK,2021-12-10 02:20 UTC,GRESIK,GRESIK,Not in Transit,525500087,0,2021-12-03 09:56 UTC,Tug,-,-,Indonesia
EDRICKO 3,DEPARTURE,Port,GRESIK,2021-12-10 02:29 UTC,-,-,Not in Transit,525015278,9087893,2021-12-04 19:18 UTC,Tanker,1390,-,Indonesia
JUNEYAO MARU IV,ARRIVAL,Port,GRESIK,2021-12-10 02:39 UTC,KARIANGAU,SURABAYA ANCH,Not in Transit,525018280,9711212,2021-11-26 01:47 UTC,Tanker,4900,-,Indonesia
POLAIR3,DEPARTURE,Port,GRESIK,2021-12-10 02:39 UTC,-,-,Not in Transit,525000003,0,2021-12-09 22:39 UTC,Other,-,-,Indonesia
TB.UVM 88,DEPARTURE,Port,GRESIK,2021-12-10 03:12 UTC,-,-,Not in Transit,525000000,0,2021-12-09 03:53 UTC,Tug,-,-,Indonesia
TRANSKO AQUILA,ARRIVAL,Port,GRESIK,2021-12-10 03:15 UTC,GRESIK,GRESIK,Not in Transit,525004138,9216042,2021-12-07 08:14 UTC,Tanker,3592,-,Indonesia
JAYANEGARA 203,ARRIVAL,Port,GRESIK,2021-12-10 03:16 UTC,GRESIK,GRESIK,Not in Transit,525200068,9793648,2021-12-10 02:18 UTC,Tug,190,-,Indonesia
KT.SUBALI.2,DEPARTURE,Port,GRESIK,2021-12-10 03:52 UTC,-,-,Not in Transit,525100619,8993746,2021-12-09 22:07 UTC,Tug,-,-,Indonesia
TB.TEGUH MANDIRI,DEPARTURE,Port,GRESIK,2021-12-10 04:24 UTC,-,-,Not in Transit,525100162,0,2021-11-15 15:34 UTC,Tug,-,-,Indonesia
TRIFOSA,DEPARTURE,Port,GRESIK,2021-12-10 04:24 UTC,-,-,Not in Transit,525006001,8217099,2021-12-09 01:32 UTC,Cargo,6774,-,Indonesia
CORAL CRYSTAL,DEPARTURE,Port,GRESIK,2021-12-10 04:52 UTC,-,-,Not in Transit,373789000,9591985,2021-11-24 19:31 UTC,Cargo,78103,-,Panama
KT.SUBALI.2,ARRIVAL,Port,GRESIK,2021-12-10 05:11 UTC,SURABAYA,SURABAYA RIVER ANCH,Not in Transit,525100619,8993746,2021-12-09 22:07 UTC,Tug,-,-,Indonesia
GAS AMARIN JAYA,DEPARTURE,Port,GRESIK,2021-12-10 05:52 UTC,-,-,Not in Transit,525900619,9364966,2021-12-07 03:03 UTC,Tanker,16800,-,Indonesia
JAYANEGARA 203,DEPARTURE,Port,GRESIK,2021-12-10 06:05 UTC,-,-,Not in Transit,525200068,9793648,2021-12-10 02:18 UTC,Tug,190,-,Indonesia
TB.UVM 88,ARRIVAL,Port,GRESIK,2021-12-10 07:13 UTC,GRESIK,GRESIK,Not in Transit,525000000,0,2021-12-10 03:12 UTC,Tug,-,-,Indonesia
SEATTLE HARMONY,ARRIVAL,Port,GRESIK,2021-12-10 08:37 UTC,BAYOVAR,SURABAYA ANCH,Not in Transit,371085000,9836919,2021-11-04 22:18 UTC,Cargo,38421,-,Panama
SEROJA XV,DEPARTURE,Port,GRESIK,2021-12-10 09:51 UTC,-,-,Not in Transit,525020371,9767211,2021-12-02 01:09 UTC,Tanker,5573,-,Indonesia
TIRTA SAMUDRA XXIX,DEPARTURE,Port,GRESIK,2021-12-10 10:29 UTC,-,-,Not in Transit,525020107,9664158,2021-12-01 15:54 UTC,Cargo,3400,-,Indonesia
KT.SUBALI.2,DEPARTURE,Port,GRESIK,2021-12-10 10:35 UTC,-,-,Not in Transit,525100619,8993746,2021-12-09 22:07 UTC,Tug,-,-,Indonesia
GLORIA SENTOSA,ARRIVAL,Port,GRESIK,2021-12-10 10:58 UTC,KARAPAN ARMADA STERL,KARAPAN ARMADA STERL,Not in Transit,525006041,9047958,2021-12-09 05:04 UTC,Tanker,1380,-,Indonesia
KT.SUBALI.2,ARRIVAL,Port,GRESIK,2021-12-10 10:58 UTC,GRESIK,GRESIK,Not in Transit,525100619,8993746,2021-12-10 10:35 UTC,Tug,-,-,Indonesia
BINA BENUA 16,DEPARTURE,Port,GRESIK,2021-12-10 11:19 UTC,-,-,Not in Transit,525500087,0,2021-12-03 09:56 UTC,Tug,-,-,Indonesia
POLAIR3,ARRIVAL,Port,GRESIK,2021-12-10 11:31 UTC,SURABAYA,SURABAYA,Not in Transit,525000003,0,2021-12-10 11:26 UTC,Other,-,-,Indonesia
JAYANEGARA 203,ARRIVAL,Port,GRESIK,2021-12-10 11:35 UTC,SURABAYA,SURABAYA,Not in Transit,525200068,9793648,2021-12-10 11:25 UTC,Tug,190,-,Indonesia
TB.SAMUDRA SINDO 28,DEPARTURE,Port,GRESIK,2021-12-10 11:52 UTC,-,-,Not in Transit,525200705,0,2021-12-09 05:21 UTC,Tug,-,-,Indonesia
GILI IYANG,DEPARTURE,Port,GRESIK,2021-12-10 12:37 UTC,-,-,Not in Transit,525000109,9717565,2021-12-03 13:22 UTC,Passenger,1109,-,Indonesia
SEROJA V,ARRIVAL,Port,GRESIK,2021-12-10 12:43 UTC,KUMAI,KUMAI,Not in Transit,525020081,9658769,2021-11-29 10:20 UTC,Tanker,3500,-,Indonesia
PRISCO BRAVO,ARRIVAL,Port,GRESIK,2021-12-10 14:12 UTC,PASIR GUDANG,SURABAYA ANCH,Not in Transit,273217470,9011519,2021-12-07 14:42 UTC,Tanker,7975,-,Russia
SEROJA XXIII,DEPARTURE,Port,GRESIK,2021-12-10 17:13 UTC,-,-,Not in Transit,525201794,9922885,2021-12-02 03:22 UTC,Tanker,4785,-,Indonesia
SEROJA III,DEPARTURE,Port,GRESIK,2021-12-10 17:37 UTC,-,-,Not in Transit,525020127,9662825,2021-12-09 08:16 UTC,Tanker,3500,-,Indonesia
SEROJA III,DEPARTURE,Port,GRESIK,2021-12-10 17:37 UTC,-,-,Not in Transit,525020127,9662825,2021-12-09 08:16 UTC,Tanker,3500,-,Indonesia
SPT,ARRIVAL,Port,GRESIK,2021-12-10 18:09 UTC,SURABAYA,SURABAYA RIVER ANCH,Not in Transit,525012144,8032712,2021-12-08 17:29 UTC,Tanker,220,-,Indonesia
SPT,ARRIVAL,Port,GRESIK,2021-12-10 18:09 UTC,SURABAYA,SURABAYA RIVER ANCH,Not in Transit,525012144,8032712,2021-12-08 17:29 UTC,Tanker,220,-,Indonesia
CIPTA HARAPAN 99,DEPARTURE,Port,GRESIK,2021-12-10 20:13 UTC,-,-,Not in Transit,525200294,9862803,2021-12-06 21:11 UTC,Special Craft,-,-,Indonesia
CIPTA HARAPAN 99,DEPARTURE,Port,GRESIK,2021-12-10 20:13 UTC,-,-,Not in Transit,525200294,9862803,2021-12-06 21:11 UTC,Tanker,-,-,Indonesia
SPT,DEPARTURE,Port,GRESIK,2021-12-10 20:59 UTC,-,-,Not in Transit,525012144,8032712,2021-12-08 17:29 UTC,Tanker,220,-,Indonesia
SPT,DEPARTURE,Port,GRESIK,2021-12-10 20:59 UTC,-,-,Not in Transit,525012144,8032712,2021-12-08 17:29 UTC,Special Craft,220,-,Indonesia
525000002 99,ARRIVAL,Port,GRESIK,2021-12-10 22:22 UTC,JAKARTA,JAKARTA,Not in Transit,525000002,0,2021-12-10 04:15 UTC,Tug,-,-,Indonesia
525000002 99,ARRIVAL,Port,GRESIK,2021-12-10 22:22 UTC,JAKARTA,JAKARTA,Not in Transit,525000002,0,2021-12-10 04:15 UTC,Tanker,-,-,Indonesia
TB MARUTA VII,ARRIVAL,Port,GRESIK,2021-12-10 22:57 UTC,SEMARANG,SEMARANG,Not in Transit,525018123,0,2021-11-15 03:36 UTC,Tug,-,-,Indonesia
TB MARUTA VII,ARRIVAL,Port,GRESIK,2021-12-10 22:57 UTC,SEMARANG,SEMARANG,Not in Transit,525018123,0,2021-11-15 03:36 UTC,Tug,-,-,Indonesia
525000002 99,DEPARTURE,Port,GRESIK,2021-12-10 23:12 UTC,-,-,Not in Transit,525000002,0,2021-12-10 04:15 UTC,Tug,-,-,Indonesia
525000002 99,DEPARTURE,Port,GRESIK,2021-12-10 23:12 UTC,-,-,Not in Transit,525000002,0,2021-12-10 04:15 UTC,Tug,-,-,Indonesia
TB HARRY 11,DEPARTURE,Port,GRESIK,2021-12-10 23:39 UTC,-,-,Not in Transit,525300187,0,2021-11-12 16:58 UTC,Tug,-,-,Indonesia
TB.RIMAU 1611,ARRIVAL,Port,GRESIK,2021-12-11 00:01 UTC,BANJARMASIN,BANJARMASIN,Not in Transit,525012239,0,2021-11-30 22:20 UTC,Tug,-,-,Indonesia
SMS VINCENT,DEPARTURE,Port,GRESIK,2021-12-11 00:11 UTC,-,-,Not in Transit,525019391,9459228,2021-12-08 23:46 UTC,Tug,96,-,Indonesia
BINTANG MUTIARA XI,ARRIVAL,Port,GRESIK,2021-12-11 00:16 UTC,KUMAI,SURABAYA RIVER ANCH,Not in Transit,525024331,0,2021-12-07 22:01 UTC,Special Craft,-,-,Indonesia
TB CHARIS 01,ARRIVAL,Port,GRESIK,2021-12-11 01:07 UTC,SURABAYA,SURABAYA,In Transit,525012158,0,2021-12-11 00:51 UTC,Tug,-,-,Indonesia
KM.TAREX 1,DEPARTURE,Port,GRESIK,2021-12-11 02:01 UTC,-,-,Not in Transit,525100270,0,2021-12-01 02:32 UTC,Cargo,-,-,Indonesia
525000003 99,ARRIVAL,Port,GRESIK,2021-12-11 02:06 UTC,TANJUNG UBAN,PALEMBANG ANCH,Not in Transit,525000003,0,2021-12-06 02:05 UTC,-,-,-,Indonesia
GLORIA SENTOSA,DEPARTURE,Port,GRESIK,2021-12-11 02:22 UTC,-,-,Not in Transit,525006041,9047958,2021-12-09 05:04 UTC,Tanker,1380,-,Indonesia
TB CHARIS 01,DEPARTURE,Port,GRESIK,2021-12-11 02:32 UTC,-,-,In Transit,525012158,0,2021-12-11 00:51 UTC,Tug,-,-,Indonesia
525000002 99,ARRIVAL,Port,GRESIK,2021-12-11 02:56 UTC,GRESIK,GRESIK,Not in Transit,525000002,0,2021-12-10 23:12 UTC,Tug,-,-,Indonesia
CORVUS,DEPARTURE,Port,GRESIK,2021-12-11 04:25 UTC,-,-,Not in Transit,525119102,9641493,2021-11-08 05:10 UTC,Tanker,5619,-,Indonesia
EXPRESS BAHARI 8E,ARRIVAL,Port,GRESIK,2021-12-11 05:43 UTC,GRESIK,GRESIK,Not in Transit,525018298,0,2021-12-09 02:26 UTC,Passenger,-,-,Indonesia
525000002 99,DEPARTURE,Port,GRESIK,2021-12-11 05:57 UTC,-,-,Not in Transit,525000002,0,2021-12-10 23:12 UTC,Tug,-,-,Indonesia
ISA VICTORY,ARRIVAL,Port,GRESIK,2021-12-11 06:16 UTC,TELUKBAYUR,SURABAYA ANCH,Not in Transit,525015407,9060716,2021-12-04 09:47 UTC,Cargo,8237,-,Indonesia
KLM BUDI MURNI,ARRIVAL,Port,GRESIK,2021-12-11 08:09 UTC,GRESIK,GRESIK,Not in Transit,525000097,0,2021-11-15 15:28 UTC,Cargo,-,-,Indonesia
AQUARIA KALIMANTAN,ARRIVAL,Port,GRESIK,2021-12-11 09:15 UTC,-,-,Not in Transit,525500509,0,-,Tug,-,-,Indonesia
TB.KSA 90,DEPARTURE,Port,GRESIK,2021-12-11 09:19 UTC,-,-,Not in Transit,525400597,0,2021-12-06 02:52 UTC,Tug,-,-,Indonesia
SMS VINCENT,ARRIVAL,Port,GRESIK,2021-12-11 09:28 UTC,GRESIK,GRESIK,Not in Transit,525019391,9459228,2021-12-11 00:11 UTC,Special Craft,96,-,Indonesia
KLM ASIAH MANDIRIA,ARRIVAL,Port,GRESIK,2021-12-11 09:31 UTC,GRESIK,GRESIK,Not in Transit,525900701,0,2021-11-18 02:21 UTC,Cargo,-,-,Indonesia
KM. MEGA ANTARA,ARRIVAL,Port,GRESIK,2021-12-11 09:42 UTC,SAMPIT,SAMPIT,Not in Transit,525020264,0,2021-12-08 21:35 UTC,Cargo,-,-,Indonesia
525000002 99,ARRIVAL,Port,GRESIK,2021-12-11 11:11 UTC,GRESIK,GRESIK,Not in Transit,525000002,0,2021-12-11 05:57 UTC,Tug,-,-,Indonesia
TB.BINTANG MUTIARA37,ARRIVAL,Port,GRESIK,2021-12-11 11:19 UTC,SURABAYA,SURABAYA RIVER ANCH,Not in Transit,525200931,0,2021-12-06 15:50 UTC,Tug,-,-,Indonesia
JAYANEGARA 304,ARRIVAL,Port,GRESIK,2021-12-11 11:24 UTC,SURABAYA,SURABAYA,Not in Transit,525200036,9791377,2021-12-11 11:01 UTC,Tug,-,-,Indonesia
ALEXANDRIA,ARRIVAL,Port,GRESIK,2021-12-11 11:28 UTC,PALOPO,MAKASSAR ANCH,Not in Transit,525010058,8317227,2021-12-05 06:59 UTC,Tanker,4865,-,Indonesia
NASHALINA,DEPARTURE,Port,GRESIK,2021-12-11 13:32 UTC,-,-,Not in Transit,525120008,9296779,2021-11-26 12:20 UTC,Cargo,52307,-,Indonesia
SEABIRD,ARRIVAL,Port,GRESIK,2021-12-11 14:40 UTC,PELINTUNG,SURABAYA ANCH,Not in Transit,636020973,9707687,2021-12-08 12:47 UTC,Cargo,63553,-,Liberia
TRANSKO AQUILA,DEPARTURE,Port,GRESIK,2021-12-11 15:23 UTC,-,-,Not in Transit,525004138,9216042,2021-12-07 08:14 UTC,Tanker,3592,-,Indonesia
ASP 19,ARRIVAL,Port,GRESIK,2021-12-11 15:51 UTC,JAKARTA,JAKARTA ANCH,Not in Transit,525015887,0,2021-12-08 10:30 UTC,Tug,-,-,Indonesia
525000003 99,DEPARTURE,Port,GRESIK,2021-12-11 16:03 UTC,-,-,Not in Transit,525000003,0,2021-12-06 02:05 UTC,-,-,-,Indonesia
JAYANEGARA 304,DEPARTURE,Port,GRESIK,2021-12-11 17:16 UTC,-,-,Not in Transit,525200036,9791377,2021-12-11 11:01 UTC,Tug,-,-,Indonesia
525000003 99,ARRIVAL,Port,GRESIK,2021-12-11 17:55 UTC,GRESIK,GRESIK,Not in Transit,525000003,0,2021-12-11 16:03 UTC,-,-,-,Indonesia
TB.KIETRANS 31,ARRIVAL,Port,GRESIK,2021-12-11 21:05 UTC,TANJUNG UBAN,TANJUNG UBAN,Not in Transit,525003389,0,2021-11-29 15:15 UTC,Tug,-,-,Indonesia
SEROJA V,DEPARTURE,Port,GRESIK,2021-12-11 23:50 UTC,-,-,Not in Transit,525020081,9658769,2021-11-29 10:20 UTC,Tanker,3500,-,Indonesia
525000002 99,DEPARTURE,Port,GRESIK,2021-12-12 00:03 UTC,-,-,Not in Transit,525000002,0,2021-12-11 05:57 UTC,Tug,-,-,Indonesia
TB GLOBAL M XXIII,DEPARTURE,Port,GRESIK,2021-12-12 00:28 UTC,-,-,Not in Transit,525003291,0,2021-10-29 10:22 UTC,Tug,-,-,Indonesia
EXPRESS BAHARI 8E,DEPARTURE,Port,GRESIK,2021-12-12 02:32 UTC,-,-,Not in Transit,525018298,0,2021-12-09 02:26 UTC,Passenger,-,-,Indonesia
NEW GLOBAL,ARRIVAL,Port,GRESIK,2021-12-12 03:10 UTC,BADE,SURABAYA ANCH,Not in Transit,525500462,9875599,2021-12-03 16:49 UTC,Tanker,7998,-,Indonesia
TB.NRS III,DEPARTURE,Port,GRESIK,2021-12-12 03:21 UTC,-,-,Not in Transit,525400021,0,2021-11-20 18:03 UTC,Tug,-,-,Indonesia
NIKI BAROKAH,ARRIVAL,Port,GRESIK,2021-12-12 03:51 UTC,LABUANABAJO,LABUANABAJO,Not in Transit,525024288,8210015,2021-12-10 18:53 UTC,Passenger,1054,-,Indonesia
INDO DHARMA 9,DEPARTURE,Port,GRESIK,2021-12-12 03:57 UTC,-,-,Not in Transit,525024228,8839938,2021-12-02 02:21 UTC,Cargo,1400,-,Indonesia
525000002 99,ARRIVAL,Port,GRESIK,2021-12-12 04:08 UTC,GRESIK,GRESIK,Not in Transit,525000002,0,2021-12-12 00:03 UTC,Tug,-,-,Indonesia
NIKI BAROKAH,DEPARTURE,Port,GRESIK,2021-12-12 04:26 UTC,-,-,Not in Transit,525024288,8210015,2021-12-10 18:53 UTC,Passenger,1054,-,Indonesia
TEGAS JAYA,ARRIVAL,Port,GRESIK,2021-12-12 04:36 UTC,PERTAMINA ABHERKA,PERTAMINA ABHERKA,Not in Transit,525018371,9640229,2021-12-12 01:10 UTC,Special Craft,100,-,Indonesia
KM EXPRESS BAHARI 6F,DEPARTURE,Port,GRESIK,2021-12-12 05:09 UTC,-,-,Not in Transit,525500455,0,2021-12-08 02:20 UTC,Passenger,-,-,Indonesia
TEGAS JAYA,DEPARTURE,Port,GRESIK,2021-12-12 06:39 UTC,-,-,Not in Transit,525018371,9640229,2021-12-12 01:10 UTC,Special Craft,100,-,Indonesia
525000002 99,DEPARTURE,Port,GRESIK,2021-12-12 06:54 UTC,-,-,Not in Transit,525000002,0,2021-12-12 00:03 UTC,Tug,-,-,Indonesia
TB.MARINA SATU,ARRIVAL,Port,GRESIK,2021-12-12 07:34 UTC,SURABAYA RIVER ANCH,SURABAYA RIVER ANCH,Not in Transit,525400415,0,2021-12-12 07:16 UTC,Tug,-,-,Indonesia
TB.CAHAYA SURYA 2,DEPARTURE,Port,GRESIK,2021-12-12 07:49 UTC,-,-,Not in Transit,525003428,0,2021-12-08 06:19 UTC,Tug,-,-,Indonesia
OCEAN MARINE 2,ARRIVAL,Port,GRESIK,2021-12-12 07:59 UTC,BONTANG,BONTANG,Not in Transit,525023361,0,2021-11-19 06:46 UTC,Tug,-,-,Indonesia
TIRTA SAMUDRA VI,ARRIVAL,Port,GRESIK,2021-12-12 08:11 UTC,SAMPIT,SURABAYA ANCH,Not in Transit,525022256,8864385,2021-12-08 15:09 UTC,Tug,-,-,Indonesia
JAYANEGARA 303,ARRIVAL,Port,GRESIK,2021-12-12 10:05 UTC,SURABAYA,SURABAYA,Not in Transit,525200037,9791365,2021-12-12 09:36 UTC,Tug,-,-,Indonesia
EMMANUEL C,ARRIVAL,Port,GRESIK,2021-12-12 11:34 UTC,AQABA INDUSTRIAL,SURABAYA ANCH,Not in Transit,538005790,9394909,2021-11-23 19:17 UTC,Cargo,58837,-,Marshall Is
TIRTA SAMUDRA XXX,ARRIVAL,Port,GRESIK,2021-12-12 11:49 UTC,SAMPIT,SURABAYA ANCH,Not in Transit,525021088,9678836,2021-12-08 09:50 UTC,Cargo,3400,-,Indonesia
SMS VINCENT,DEPARTURE,Port,GRESIK,2021-12-12 13:10 UTC,-,-,Not in Transit,525019391,9459228,2021-12-11 00:11 UTC,Special Craft,96,-,Indonesia
KTM 1002,ARRIVAL,Port,GRESIK,2021-12-12 13:32 UTC,GRESIK,GRESIK,Not in Transit,525000000,0,2021-12-09 09:43 UTC,Other,-,-,Indonesia
CAHAYA MUSTIKA LAUT 1,ARRIVAL,Port,GRESIK,2021-12-12 14:45 UTC,SURABAYA,SURABAYA ANCH,Not in Transit,525200941,9128805,2021-12-10 16:21 UTC,Cargo,23564,-,Indonesia
SMS VINCENT,ARRIVAL,Port,GRESIK,2021-12-12 15:25 UTC,GRESIK,GRESIK,Not in Transit,525019391,9459228,2021-12-12 13:10 UTC,Special Craft,96,-,Indonesia
TB.BINTANG MUTIARA37,DEPARTURE,Port,GRESIK,2021-12-12 15:38 UTC,-,-,Not in Transit,525200931,0,2021-12-06 15:50 UTC,Tug,-,-,Indonesia
JAYANEGARA 303,DEPARTURE,Port,GRESIK,2021-12-12 15:52 UTC,-,-,Not in Transit,525200037,9791365,2021-12-12 09:36 UTC,Tug,-,-,Indonesia
KT.SUBALI.2,DEPARTURE,Port,GRESIK,2021-12-12 18:08 UTC,-,-,Not in Transit,525100619,8993746,2021-12-10 10:35 UTC,Tug,-,-,Indonesia
SARANA SUKSES,ARRIVAL,Port,GRESIK,2021-12-12 18:35 UTC,BANJARMASIN,SURABAYA ANCH,Not in Transit,525000111,8910885,2021-12-09 02:44 UTC,Cargo,2550,-,Indonesia
KLM BERKAT ARAFAT SJ,DEPARTURE,Port,GRESIK,2021-12-12 19:47 UTC,-,-,Not in Transit,525700242,0,2021-11-14 16:57 UTC,Cargo,-,-,Indonesia
FORTUNE ISLAND,ARRIVAL,Port,GRESIK,2021-12-12 20:20 UTC,JAKARTA,JAKARTA,Not in Transit,525005398,9140396,2021-12-11 09:34 UTC,Cargo,6243,-,Indonesia
525000002 99,ARRIVAL,Port,GRESIK,2021-12-12 21:04 UTC,GRESIK,GRESIK,Not in Transit,525000002,0,2021-12-12 06:54 UTC,Tug,-,-,Indonesia
PRISCO BRAVO,DEPARTURE,Port,GRESIK,2021-12-12 23:28 UTC,-,-,Not in Transit,273217470,9011519,2021-12-07 14:42 UTC,Tanker,7975,-,Russia
GIAT ARMADA 01,DEPARTURE,Port,GRESIK,2021-12-13 01:39 UTC,-,-,Not in Transit,525201554,9079755,2021-11-26 21:30 UTC,Tanker,3950,-,Indonesia
GAS MELAWI,ARRIVAL,Port,GRESIK,2021-12-13 03:51 UTC,CILACAP,CILACAP,Not in Transit,525019602,9119725,2021-12-11 00:05 UTC,Tanker,3053,-,Indonesia
MENTARI PRATAMA,ARRIVAL,Port,GRESIK,2021-12-13 05:34 UTC,SURABAYA,SURABAYA,In Transit,525015349,8733433,2021-12-13 05:28 UTC,Cargo,5276,-,Indonesia
LM KEMPAS,ARRIVAL,Port,GRESIK,2021-12-13 05:47 UTC,KUMAI,SURABAYA ANCH,Not in Transit,525101568,9917660,2021-11-28 17:45 UTC,Tug,136,-,Indonesia
MENTARI PRATAMA,DEPARTURE,Port,GRESIK,2021-12-13 06:22 UTC,-,-,In Transit,525015349,8733433,2021-12-13 05:28 UTC,Cargo,5276,-,Indonesia
525000002 99,DEPARTURE,Port,GRESIK,2021-12-13 08:07 UTC,-,-,Not in Transit,525000002,0,2021-12-12 06:54 UTC,Tug,-,-,Indonesia
525000002 99,ARRIVAL,Port,GRESIK,2021-12-13 09:23 UTC,GRESIK,GRESIK,Not in Transit,525000002,0,2021-12-13 08:07 UTC,Tug,-,-,Indonesia
SEATTLE HARMONY,DEPARTURE,Port,GRESIK,2021-12-13 12:56 UTC,-,-,Not in Transit,371085000,9836919,2021-11-04 22:18 UTC,Cargo,38421,-,Panama
KM.BUNGA TERATAI XXI,DEPARTURE,Port,GRESIK,2021-12-13 13:15 UTC,-,-,Not in Transit,525003218,0,2021-11-24 16:01 UTC,Cargo,-,-,Indonesia
KALTIM EXPRESS 22,ARRIVAL,Port,GRESIK,2021-12-13 14:03 UTC,SAMPIT,SURABAYA ANCH,Not in Transit,525400229,8905359,2021-11-26 11:59 UTC,Cargo,1115,-,Indonesia
SEA ARIES,DEPARTURE,Port,GRESIK,2021-12-13 14:58 UTC,-,-,Not in Transit,355900000,9236846,2021-11-28 06:19 UTC,Cargo,31820,-,Panama
525000002 99,DEPARTURE,Port,GRESIK,2021-12-13 15:56 UTC,-,-,Not in Transit,525000002,0,2021-12-13 08:07 UTC,Tug,-,-,Indonesia
KM BAGUS,ARRIVAL,Port,GRESIK,2021-12-13 16:22 UTC,SURABAYA,SURABAYA,Not in Transit,525000000,0,2021-10-20 05:31 UTC,Cargo,-,-,Indonesia
TB.RIMAU 1611,DEPARTURE,Port,GRESIK,2021-12-13 18:01 UTC,-,-,Not in Transit,525012239,0,2021-11-30 22:20 UTC,Tug,-,-,Indonesia
525000002 99,ARRIVAL,Port,GRESIK,2021-12-13 18:28 UTC,GRESIK,GRESIK,Not in Transit,525000002,0,2021-12-13 15:56 UTC,Tug,-,-,Indonesia
TB MARUTA VII,DEPARTURE,Port,GRESIK,2021-12-13 22:51 UTC,-,-,Not in Transit,525018123,0,2021-11-15 03:36 UTC,Tug,-,-,Indonesia
525000002 99,DEPARTURE,Port,GRESIK,2021-12-13 23:32 UTC,-,-,Not in Transit,525000002,0,2021-12-13 15:56 UTC,Tug,-,-,Indonesia
SMS VINCENT,DEPARTURE,Port,GRESIK,2021-12-14 00:20 UTC,-,-,Not in Transit,525019391,9459228,2021-12-12 13:10 UTC,Special Craft,96,-,Indonesia
TEGAS JAYA,ARRIVAL,Port,GRESIK,2021-12-14 00:54 UTC,PERTAMINA ABHERKA,PERTAMINA ABHERKA,Not in Transit,525018371,9640229,2021-12-13 12:44 UTC,Special Craft,100,-,Indonesia
KM BAGUS,DEPARTURE,Port,GRESIK,2021-12-14 01:34 UTC,-,-,Not in Transit,525000000,0,2021-10-20 05:31 UTC,Cargo,-,-,Indonesia
ANUGERAH BUANA III,ARRIVAL,Port,GRESIK,2021-12-14 03:28 UTC,KENDARI,KENDARI,Not in Transit,525015259,7109556,2021-12-10 02:47 UTC,Cargo,2239,-,Indonesia
GILIMANUK II,DEPARTURE,Port,GRESIK,2021-12-14 03:28 UTC,-,-,Not in Transit,525019470,8994568,2021-11-18 01:14 UTC,Passenger,210,-,Indonesia
TEGAS JAYA,DEPARTURE,Port,GRESIK,2021-12-14 03:42 UTC,-,-,Not in Transit,525018371,9640229,2021-12-13 12:44 UTC,Special Craft,100,-,Indonesia
GAS MELAWI,DEPARTURE,Port,GRESIK,2021-12-14 04:41 UTC,-,-,Not in Transit,525019602,9119725,2021-12-11 00:05 UTC,Tanker,3053,-,Indonesia
SERVEWELL VIRTUE,DEPARTURE,Port,GRESIK,2021-12-14 04:41 UTC,-,-,Not in Transit,525005200,9656539,2021-12-08 23:32 UTC,Special Craft,-,-,Indonesia
GILIMANUK II,ARRIVAL,Port,GRESIK,2021-12-14 05:08 UTC,GRESIK,GRESIK,Not in Transit,525019470,8994568,2021-12-14 03:28 UTC,Passenger,210,-,Indonesia
PETROKIMIA GRESIK,ARRIVAL,Port,GRESIK,2021-12-14 09:16 UTC,GRESIK,GRESIK,Not in Transit,525010255,0,2021-12-09 11:22 UTC,High Speed Craft,-,-,Indonesia
SMS VINCENT,ARRIVAL,Port,GRESIK,2021-12-14 10:00 UTC,GRESIK,GRESIK,Not in Transit,525019391,9459228,2021-12-14 00:20 UTC,Special Craft,96,-,Indonesia
KLM CAHAYA SETIA,DEPARTURE,Port,GRESIK,2021-12-14 12:41 UTC,-,-,Not in Transit,525600215,0,-,Pleasure Craft,-,-,Indonesia
KLM BINTANG LAUT,DEPARTURE,Port,GRESIK,2021-12-14 12:47 UTC,-,-,Not in Transit,525500306,0,2021-10-12 17:42 UTC,Cargo,-,-,Indonesia
SAMUDERA 01,ARRIVAL,Port,GRESIK,2021-12-14 13:14 UTC,SURABAYA RIVER ANCH,SURABAYA RIVER ANCH,Not in Transit,525101696,9004724,2021-12-14 03:29 UTC,Special Craft,-,-,Indonesia
TB. MARINA 2206,DEPARTURE,Port,GRESIK,2021-12-14 14:26 UTC,-,-,Not in Transit,525020338,0,2021-11-01 10:12 UTC,Tug,-,-,Indonesia
ERAWAN 1,ARRIVAL,Port,GRESIK,2021-12-14 14:54 UTC,SURALAYA,SURALAYA ANCH,Not in Transit,525005350,9152208,2021-12-12 14:23 UTC,Tanker,5980,-,Indonesia
ERAWAN 1,DEPARTURE,Port,GRESIK,2021-12-14 15:12 UTC,-,-,Not in Transit,525005350,9152208,2021-12-12 14:23 UTC,Tanker,5980,-,Indonesia
KM SEJAHTERA 25,DEPARTURE,Port,GRESIK,2021-12-14 15:12 UTC,-,-,Not in Transit,525023081,0,2021-11-16 05:48 UTC,Cargo,-,-,Indonesia
JAYANEGARA 203,DEPARTURE,Port,GRESIK,2021-12-14 15:36 UTC,-,-,Not in Transit,525200068,9793648,2021-12-10 11:25 UTC,Tug,190,-,Indonesia
BLOSSOM PESCADORES,ARRIVAL,Port,GRESIK,2021-12-14 17:11 UTC,KUPANG,SURABAYA ANCH,Not in Transit,525003315,9162306,2021-12-09 22:28 UTC,Cargo,7141,-,Indonesia
JAYANEGARA 203,ARRIVAL,Port,GRESIK,2021-12-14 17:13 UTC,GRESIK,GRESIK,Not in Transit,525200068,9793648,2021-12-14 15:36 UTC,Tug,190,-,Indonesia
WOOJIN CHEMS,ARRIVAL,Port,GRESIK,2021-12-14 17:55 UTC,PELINTUNG,SURABAYA ANCH,Not in Transit,440259000,9220196,2021-12-11 03:21 UTC,Tanker,12675,-,Korea
JAYANEGARA 203,DEPARTURE,Port,GRESIK,2021-12-14 22:04 UTC,-,-,Not in Transit,525200068,9793648,2021-12-14 15:36 UTC,Tug,190,-,Indonesia
JAYANEGARA 203,ARRIVAL,Port,GRESIK,2021-12-14 22:37 UTC,GRESIK,GRESIK,Not in Transit,525200068,9793648,2021-12-14 22:04 UTC,Tug,190,-,Indonesia
GAS AMARIN JAYA,ARRIVAL,Port,GRESIK,2021-12-14 23:41 UTC,KALBUT,SURABAYA ANCH,Not in Transit,525900619,9364966,2021-12-14 01:39 UTC,Tanker,16800,-,Indonesia
GLORIA SENTOSA,ARRIVAL,Port,GRESIK,2021-12-15 05:17 UTC,KARAPAN ARMADA STERL,KARAPAN ARMADA STERL,Not in Transit,525006041,9047958,2021-12-13 10:39 UTC,Tanker,1380,-,Indonesia
TIRTA SAMUDRA XXVI,ARRIVAL,Port,GRESIK,2021-12-15 06:39 UTC,SAMPIT,SURABAYA ANCH,Not in Transit,525022013,9642655,2021-12-10 11:37 UTC,Cargo,3000,-,Indonesia
TIRTA SAMUDRA XXX,DEPARTURE,Port,GRESIK,2021-12-15 07:26 UTC,-,-,Not in Transit,525021088,9678836,2021-12-08 09:50 UTC,Cargo,3400,-,Indonesia
BINTANG MUTIARA XXX,ARRIVAL,Port,GRESIK,2021-12-15 08:05 UTC,PONTIANAK,SURABAYA RIVER ANCH,Not in Transit,525016636,0,2021-12-09 05:18 UTC,Tug,-,-,Indonesia
JAYANEGARA 304,ARRIVAL,Port,GRESIK,2021-12-15 08:39 UTC,SURABAYA,SURABAYA,Not in Transit,525200036,9791377,2021-12-15 08:33 UTC,Tug,-,-,Indonesia
JAYANEGARA 304,DEPARTURE,Port,GRESIK,2021-12-15 09:20 UTC,-,-,Not in Transit,525200036,9791377,2021-12-15 08:33 UTC,Tug,-,-,Indonesia
SAMUDERA 01,DEPARTURE,Port,GRESIK,2021-12-15 09:26 UTC,-,-,Not in Transit,525101696,9004724,2021-12-14 03:29 UTC,Special Craft,-,-,Indonesia
JAYANEGARA 203,DEPARTURE,Port,GRESIK,2021-12-15 10:12 UTC,-,-,Not in Transit,525200068,9793648,2021-12-14 22:04 UTC,Tug,190,-,Indonesia
JAYANEGARA 203,ARRIVAL,Port,GRESIK,2021-12-15 10:55 UTC,GRESIK,GRESIK,Not in Transit,525200068,9793648,2021-12-15 10:12 UTC,Tug,190,-,Indonesia
JAYANEGARA 304,ARRIVAL,Port,GRESIK,2021-12-15 11:04 UTC,GRESIK,GRESIK,Not in Transit,525200036,9791377,2021-12-15 09:20 UTC,Tug,-,-,Indonesia
SALBACH SEJAHTERA,DEPARTURE,Port,GRESIK,2021-12-15 14:18 UTC,-,-,Not in Transit,525500641,0,2021-11-05 15:19 UTC,Cargo,-,-,Indonesia
JAYANEGARA 304,DEPARTURE,Port,GRESIK,2021-12-15 14:31 UTC,-,-,Not in Transit,525200036,9791377,2021-12-15 09:20 UTC,Tug,-,-,Indonesia
SERVEWELL VIRTUE,ARRIVAL,Port,GRESIK,2021-12-15 14:57 UTC,GRESIK,GRESIK,Not in Transit,525005200,9656539,2021-12-14 04:41 UTC,Special Craft,-,-,Indonesia
SHANNON,ARRIVAL,Port,GRESIK,2021-12-15 16:02 UTC,SAMARINDA,SAMARINDA,Not in Transit,525019530,9016844,2021-12-12 23:31 UTC,Cargo,1561,-,Indonesia
TIRTA SAMUDRA VI,DEPARTURE,Port,GRESIK,2021-12-15 16:10 UTC,-,-,Not in Transit,525022256,8864385,2021-12-08 15:09 UTC,Tug,-,-,Indonesia
KLM WAHANA PELITA ST,DEPARTURE,Port,GRESIK,2021-12-15 16:52 UTC,-,-,In Transit,525700469,0,2021-11-20 09:43 UTC,Cargo,-,-,Indonesia
TB IVY,ARRIVAL,Port,GRESIK,2021-12-15 17:15 UTC,GRESIK,GRESIK,Not in Transit,525120003,0,2021-12-04 04:15 UTC,Tug,-,-,Indonesia
ALEXANDRIA,DEPARTURE,Port,GRESIK,2021-12-15 17:24 UTC,-,-,Not in Transit,525010058,8317227,2021-12-05 06:59 UTC,Tanker,4865,-,Indonesia
SMS VINCENT,DEPARTURE,Port,GRESIK,2021-12-15 23:17 UTC,-,-,Not in Transit,525019391,9459228,2021-12-14 00:20 UTC,Special Craft,96,-,Indonesia
SERVEWELL VIRTUE,DEPARTURE,Port,GRESIK,2021-12-15 23:26 UTC,-,-,Not in Transit,525005200,9656539,2021-12-14 04:41 UTC,Special Craft,-,-,Indonesia
CRANE VESTA,ARRIVAL,Port,GRESIK,2021-12-16 00:08 UTC,TAGONOURA,SURABAYA ANCH,In Transit,374426000,9774408,2021-11-17 12:42 UTC,Tanker,6485,-,Panama
CRANE VESTA,DEPARTURE,Port,GRESIK,2021-12-16 00:27 UTC,-,-,In Transit,374426000,9774408,2021-11-17 12:42 UTC,Tanker,6485,-,Panama
TEGAS JAYA,ARRIVAL,Port,GRESIK,2021-12-16 00:57 UTC,PERTAMINA ABHERKA,PERTAMINA ABHERKA,Not in Transit,525018371,9640229,2021-12-15 22:08 UTC,Special Craft,100,-,Indonesia
TB HARRY 03,DEPARTURE,Port,GRESIK,2021-12-16 02:06 UTC,-,-,Not in Transit,525006035,0,2021-10-23 16:23 UTC,Tug,-,-,Indonesia
TEGAS JAYA,DEPARTURE,Port,GRESIK,2021-12-16 02:34 UTC,-,-,Not in Transit,525018371,9640229,2021-12-15 22:08 UTC,Special Craft,100,-,Indonesia
TIRTA SAMUDRA XXVIII,DEPARTURE,Port,GRESIK,2021-12-16 02:38 UTC,-,-,Not in Transit,525020106,9664146,2021-12-06 23:16 UTC,Cargo,3400,-,Indonesia
GLORIA SENTOSA,DEPARTURE,Port,GRESIK,2021-12-16 03:07 UTC,-,-,Not in Transit,525006041,9047958,2021-12-13 10:39 UTC,Tanker,1380,-,Indonesia
HIBARINO,ARRIVAL,Port,GRESIK,2021-12-16 04:40 UTC,CHRISTMAS ISLAND,SURABAYA ANCH,Not in Transit,374686000,9776509,2021-12-12 13:07 UTC,Cargo,13913,-,Panama
JAYANEGARA 304,ARRIVAL,Port,GRESIK,2021-12-16 05:19 UTC,SURABAYA,SURABAYA,Not in Transit,525200036,9791377,2021-12-16 04:57 UTC,Tug,-,-,Indonesia
SERVEWELL VIRTUE,ARRIVAL,Port,GRESIK,2021-12-16 05:20 UTC,GRESIK,GRESIK,Not in Transit,525005200,9656539,2021-12-15 23:26 UTC,Special Craft,-,-,Indonesia
IMMANUEL WGSR 01,DEPARTURE,Port,GRESIK,2021-12-16 06:00 UTC,-,-,In Transit,525301304,0,2021-12-09 06:40 UTC,Tug,-,-,Indonesia
TIRTA SAMUDRA XXX,ARRIVAL,Port,GRESIK,2021-12-16 06:14 UTC,SAMPIT,SURABAYA RIVER ANCH,Not in Transit,525021088,9678836,2021-12-08 09:50 UTC,Cargo,3400,-,Indonesia
SERVEWELL VIRTUE,DEPARTURE,Port,GRESIK,2021-12-16 06:58 UTC,-,-,Not in Transit,525005200,9656539,2021-12-15 23:26 UTC,Special Craft,-,-,Indonesia
QUEBEC,DEPARTURE,Port,GRESIK,2021-12-16 07:32 UTC,-,-,Not in Transit,636017143,9744843,2021-12-11 04:46 UTC,Tanker,28543,-,Liberia
JAYANEGARA 203,DEPARTURE,Port,GRESIK,2021-12-16 07:40 UTC,-,-,Not in Transit,525200068,9793648,2021-12-15 10:12 UTC,Tug,190,-,Indonesia
ERAWAN 1,ARRIVAL,Port,GRESIK,2021-12-16 08:06 UTC,GRESIK,GRESIK,Not in Transit,525005350,9152208,2021-12-14 15:12 UTC,Tanker,5980,-,Indonesia
JAYANEGARA 203,ARRIVAL,Port,GRESIK,2021-12-16 08:11 UTC,GRESIK,GRESIK,Not in Transit,525200068,9793648,2021-12-16 07:40 UTC,Tug,190,-,Indonesia
SMS VINCENT,ARRIVAL,Port,GRESIK,2021-12-16 08:14 UTC,GRESIK,GRESIK,Not in Transit,525019391,9459228,2021-12-15 23:17 UTC,Special Craft,96,-,Indonesia
SPT,ARRIVAL,Port,GRESIK,2021-12-16 08:16 UTC,SURABAYA,SURABAYA RIVER ANCH,Not in Transit,525012144,8032712,2021-12-15 06:56 UTC,Tanker,220,-,Indonesia
KT.SUBALI.2,DEPARTURE,Port,GRESIK,2021-12-16 08:40 UTC,-,-,Not in Transit,525100619,8993746,2021-12-12 18:08 UTC,Tug,-,-,Indonesia
JAYANEGARA 203,DEPARTURE,Port,GRESIK,2021-12-16 08:46 UTC,-,-,Not in Transit,525200068,9793648,2021-12-16 07:40 UTC,Tug,190,-,Indonesia
FORTUNE ISLAND,DEPARTURE,Port,GRESIK,2021-12-16 08:53 UTC,-,-,Not in Transit,525005398,9140396,2021-12-11 09:34 UTC,Cargo,6243,-,Indonesia
AS MARINE LIMA,ARRIVAL,Port,GRESIK,2021-12-16 08:58 UTC,JAKARTA,SURABAYA ANCH,Not in Transit,525200460,9860893,2021-11-28 03:22 UTC,Tanker,4960,-,Indonesia
JAYANEGARA 203,ARRIVAL,Port,GRESIK,2021-12-16 09:04 UTC,GRESIK,GRESIK,Not in Transit,525200068,9793648,2021-12-16 08:46 UTC,Tug,190,-,Indonesia
SPT,DEPARTURE,Port,GRESIK,2021-12-16 09:05 UTC,-,-,Not in Transit,525012144,8032712,2021-12-15 06:56 UTC,Tanker,220,-,Indonesia
CIPTA HARAPAN 99,ARRIVAL,Port,GRESIK,2021-12-16 09:27 UTC,GRESIK,GRESIK,Not in Transit,525200294,9862803,2021-12-10 20:13 UTC,Special Craft,-,-,Indonesia
JAYANEGARA 304,DEPARTURE,Port,GRESIK,2021-12-16 09:45 UTC,-,-,Not in Transit,525200036,9791377,2021-12-16 04:57 UTC,Tug,-,-,Indonesia
KT.SUBALI.2,ARRIVAL,Port,GRESIK,2021-12-16 11:29 UTC,GRESIK,GRESIK,Not in Transit,525100619,8993746,2021-12-16 08:40 UTC,Tug,-,-,Indonesia
PETROKIMIA GRESIK,ARRIVAL,Port,GRESIK,2021-12-16 12:10 UTC,BUNATI,BUNATI,Not in Transit,525010255,0,2021-12-15 23:20 UTC,High Speed Craft,-,-,Indonesia
TB.SUPER 89,ARRIVAL,Port,GRESIK,2021-12-16 12:20 UTC,-,-,Not in Transit,525300318,0,-,Tug,-,-,Indonesia
CAVALO MARINHO 05,ARRIVAL,Port,GRESIK,2021-12-16 12:21 UTC,BATU AMPAR,BATU AMPAR,Not in Transit,525023290,0,2021-11-20 02:35 UTC,Tug,-,-,Indonesia
SHANNON,DEPARTURE,Port,GRESIK,2021-12-16 12:21 UTC,-,-,Not in Transit,525019530,9016844,2021-12-12 23:31 UTC,Cargo,1561,-,Indonesia
TB.ALBANY 3,ARRIVAL,Port,GRESIK,2021-12-16 12:25 UTC,NUNUKAN,NUNUKAN,Not in Transit,525021347,0,2021-11-24 10:31 UTC,Tug,-,-,Indonesia
WOOJIN CHEMS,DEPARTURE,Port,GRESIK,2021-12-16 12:25 UTC,-,-,Not in Transit,440259000,9220196,2021-12-11 03:21 UTC,Tanker,12675,-,Korea
OCEAN MARINE 2,DEPARTURE,Port,GRESIK,2021-12-16 12:55 UTC,-,-,Not in Transit,525023361,0,2021-11-19 06:46 UTC,Tug,-,-,Indonesia
TMH 15,ARRIVAL,Port,GRESIK,2021-12-16 12:56 UTC,MUARA BERAU ANCH,MUARA BERAU ANCH,Not in Transit,525200594,0,2021-10-21 21:33 UTC,Tug,-,-,Indonesia
KM SETIA JAYA,ARRIVAL,Port,GRESIK,2021-12-16 13:02 UTC,PANGKAL BALAM,PANGKAL BALAM,Not in Transit,525000009,0,2021-12-16 02:05 UTC,Fishing,-,-,Indonesia
TB MIDUK OCEAN,ARRIVAL,Port,GRESIK,2021-12-16 13:24 UTC,SURABAYA,SURABAYA RIVER ANCH,Not in Transit,525023280,0,2021-12-09 13:06 UTC,Tug,-,-,Indonesia
CITRA 03,ARRIVAL,Port,GRESIK,2021-12-16 13:49 UTC,SURALAYA,CILEGON ANCH,Not in Transit,525010160,9655157,2021-12-09 01:35 UTC,Tug,-,-,Indonesia
TB LUCKY STAR,ARRIVAL,Port,GRESIK,2021-12-16 13:53 UTC,GRESIK,GRESIK,Not in Transit,525600644,0,2021-12-16 04:01 UTC,Tug,-,-,Indonesia
GOLDEN CYGNUS,ARRIVAL,Port,GRESIK,2021-12-16 13:57 UTC,TARAHAN,SURABAYA ANCH,Not in Transit,563079900,9498080,2021-12-14 06:02 UTC,Tanker,11575,-,Singapore
TB MARUTA IX,ARRIVAL,Port,GRESIK,2021-12-16 14:47 UTC,SAMPIT,SAMPIT,Not in Transit,525003303,0,2021-12-13 15:24 UTC,Tug,-,-,Indonesia
MITRA BUDAYA BERSAMA,DEPARTURE,Port,GRESIK,2021-12-16 14:55 UTC,-,-,Not in Transit,525900001,0,2021-10-26 14:39 UTC,Cargo,-,-,Indonesia
TB.SUPER 89,DEPARTURE,Port,GRESIK,2021-12-16 15:42 UTC,-,-,Not in Transit,525300318,0,-,Tug,-,-,Indonesia
SALBACH SETIA RAYA,DEPARTURE,Port,GRESIK,2021-12-16 16:19 UTC,-,-,Not in Transit,525500638,0,2021-11-05 15:16 UTC,Cargo,-,-,Indonesia
TB.SUPER 89,ARRIVAL,Port,GRESIK,2021-12-16 16:49 UTC,GRESIK,GRESIK,Not in Transit,525300318,0,2021-12-16 15:42 UTC,Tug,-,-,Indonesia
TB MIDUK OCEAN,DEPARTURE,Port,GRESIK,2021-12-16 17:31 UTC,-,-,Not in Transit,525023280,0,2021-12-09 13:06 UTC,Tug,-,-,Indonesia
BINTANG MUTIARA 28,ARRIVAL,Port,GRESIK,2021-12-16 17:51 UTC,SAMPIT,SURABAYA RIVER ANCH,Not in Transit,525020280,0,2021-11-28 04:38 UTC,Tug,-,-,Indonesia
TB LUCKY STAR,DEPARTURE,Port,GRESIK,2021-12-16 19:46 UTC,-,-,Not in Transit,525600644,0,2021-12-16 04:01 UTC,Tug,-,-,Indonesia
CIPTA HARAPAN 99,DEPARTURE,Port,GRESIK,2021-12-16 21:33 UTC,-,-,Not in Transit,525200294,9862803,2021-12-10 20:13 UTC,Special Craft,-,-,Indonesia
JAYANEGARA 203,DEPARTURE,Port,GRESIK,2021-12-17 00:49 UTC,-,-,Not in Transit,525200068,9793648,2021-12-16 08:46 UTC,Tug,190,-,Indonesia
JAYANEGARA 304,ARRIVAL,Port,GRESIK,2021-12-17 01:06 UTC,SURABAYA,SURABAYA,Not in Transit,525200036,9791377,2021-12-17 00:48 UTC,Tug,-,-,Indonesia
POLAIR3,ARRIVAL,Port,GRESIK,2021-12-17 01:28 UTC,PASIR GUDANG,PASIR GUDANG,Not in Transit,525000003,0,2021-12-14 18:57 UTC,Other,-,-,Indonesia
SAHABAT SEJATI 8,ARRIVAL,Port,GRESIK,2021-12-17 01:50 UTC,BANJARMASIN,BANJARMASIN,Not in Transit,526063711,8403325,2021-12-08 01:44 UTC,Cargo,4364,-,Indonesia
KLM SUMBER HARAPAN K,ARRIVAL,Port,GRESIK,2021-12-17 02:17 UTC,GRESIK,GRESIK,Not in Transit,525500674,0,2021-11-29 21:04 UTC,Cargo,-,-,Indonesia
525000002 99,ARRIVAL,Port,GRESIK,2021-12-17 02:22 UTC,SAUMLAKI,SAUMLAKI,Not in Transit,525000002,0,2021-12-15 15:53 UTC,Tug,-,-,Indonesia
JAYANEGARA 304,DEPARTURE,Port,GRESIK,2021-12-17 02:26 UTC,-,-,Not in Transit,525200036,9791377,2021-12-17 00:48 UTC,Tug,-,-,Indonesia
TB MARUTA V,ARRIVAL,Port,GRESIK,2021-12-17 02:29 UTC,GRESIK,GRESIK,Not in Transit,525012252,0,2021-12-01 13:18 UTC,Tug,-,-,Indonesia
KM BAGUS,ARRIVAL,Port,GRESIK,2021-12-17 02:40 UTC,GRESIK,GRESIK,Not in Transit,525000000,0,2021-12-14 01:34 UTC,Cargo,-,-,Indonesia
ABDUL HAMID,ARRIVAL,Port,GRESIK,2021-12-17 02:51 UTC,AMAMAPARE,SURABAYA ANCH,Not in Transit,525120009,9329837,2021-12-09 20:53 UTC,Cargo,56011,-,Indonesia
JAYANEGARA 304,ARRIVAL,Port,GRESIK,2021-12-17 03:03 UTC,GRESIK,GRESIK,Not in Transit,525200036,9791377,2021-12-17 02:26 UTC,Tug,-,-,Indonesia
JAYANEGARA 203,ARRIVAL,Port,GRESIK,2021-12-17 03:05 UTC,SURABAYA,SURABAYA,Not in Transit,525200068,9793648,2021-12-17 02:58 UTC,Tug,190,-,Indonesia
KM. MEGA ANTARA,DEPARTURE,Port,GRESIK,2021-12-17 04:03 UTC,-,-,Not in Transit,525020264,0,2021-12-08 21:35 UTC,Cargo,-,-,Indonesia
JAYANEGARA 304,DEPARTURE,Port,GRESIK,2021-12-17 04:15 UTC,-,-,Not in Transit,525200036,9791377,2021-12-17 02:26 UTC,Tug,-,-,Indonesia
ERAWAN 1,DEPARTURE,Port,GRESIK,2021-12-17 04:16 UTC,-,-,Not in Transit,525005350,9152208,2021-12-14 15:12 UTC,Tanker,5980,-,Indonesia
GAS AMARIN JAYA,DEPARTURE,Port,GRESIK,2021-12-17 04:21 UTC,-,-,Not in Transit,525900619,9364966,2021-12-14 01:39 UTC,Tanker,16800,-,Indonesia
SAHABAT SEJATI 8,DEPARTURE,Port,GRESIK,2021-12-17 04:21 UTC,-,-,Not in Transit,526063711,8403325,2021-12-08 01:44 UTC,Cargo,4364,-,Indonesia
JAYANEGARA 304,ARRIVAL,Port,GRESIK,2021-12-17 04:32 UTC,GRESIK,GRESIK,Not in Transit,525200036,9791377,2021-12-17 04:15 UTC,Tug,-,-,Indonesia
SEABIRD,DEPARTURE,Port,GRESIK,2021-12-17 05:59 UTC,-,-,Not in Transit,636020973,9707687,2021-12-08 12:47 UTC,Cargo,63553,-,Liberia
TB KARYA STAR 9,ARRIVAL,Port,GRESIK,2021-12-17 07:20 UTC,SURABAYA ANCH,SURABAYA ANCH,Not in Transit,525400211,0,2021-11-28 09:20 UTC,Tug,-,-,Indonesia
JAYANEGARA 304,DEPARTURE,Port,GRESIK,2021-12-17 07:35 UTC,-,-,Not in Transit,525200036,9791377,2021-12-17 04:15 UTC,Tug,-,-,Indonesia
JAYANEGARA 303,ARRIVAL,Port,GRESIK,2021-12-17 07:44 UTC,SURABAYA,SURABAYA,Not in Transit,525200037,9791365,2021-12-17 06:45 UTC,Tug,-,-,Indonesia
JING SHUN,ARRIVAL,Port,GRESIK,2021-12-17 07:44 UTC,MAILIAO,SURABAYA ANCH,Not in Transit,477848300,9246841,2021-12-08 17:31 UTC,Cargo,28492,-,Hong Kong
HS LUCK,ARRIVAL,Port,GRESIK,2021-12-17 08:30 UTC,SURABAYA ANCH,SURABAYA ANCH,Not in Transit,352986200,9244855,2021-12-17 06:53 UTC,Cargo,52421,-,Panama
KMN AMANDA JAYA,ARRIVAL,Port,GRESIK,2021-12-17 09:13 UTC,KENDARI,BATU AMPAR ANCH,Not in Transit,525000001,9905954,2021-12-15 06:44 UTC,Fishing,-,-,Indonesia
TIRTA SAMUDRA XXVI,DEPARTURE,Port,GRESIK,2021-12-17 09:13 UTC,-,-,Not in Transit,525022013,9642655,2021-12-10 11:37 UTC,Cargo,3000,-,Indonesia
KLM BUDI KARYA,ARRIVAL,Port,GRESIK,2021-12-17 09:19 UTC,-,-,In Transit,525600149,0,-,Special Craft,-,-,China
JAYANEGARA 203,DEPARTURE,Port,GRESIK,2021-12-17 09:22 UTC,-,-,Not in Transit,525200068,9793648,2021-12-17 02:58 UTC,Tug,190,-,Indonesia
JAYANEGARA 303,DEPARTURE,Port,GRESIK,2021-12-17 09:29 UTC,-,-,Not in Transit,525200037,9791365,2021-12-17 06:45 UTC,Tug,-,-,Indonesia
TIRTA SAMUDRA XXXVI,ARRIVAL,Port,GRESIK,2021-12-17 09:39 UTC,KUMAI,SURABAYA ANCH,Not in Transit,525020262,9738301,2021-12-07 12:24 UTC,Cargo,2845,-,Indonesia
TB KARYA STAR 9,DEPARTURE,Port,GRESIK,2021-12-17 10:16 UTC,-,-,Not in Transit,525400211,0,2021-11-28 09:20 UTC,Tug,-,-,Indonesia
KM. KURNIA HARAPAN,ARRIVAL,Port,GRESIK,2021-12-17 10:31 UTC,PONTIANAK,PONTIANAK,Not in Transit,525800291,0,2021-11-29 13:22 UTC,Cargo,-,-,Indonesia
PAN MARINE 10,DEPARTURE,Port,GRESIK,2021-12-17 10:31 UTC,-,-,Not in Transit,525016177,9441805,2021-12-09 23:06 UTC,Special Craft,17,-,Indonesia
JAYANEGARA 303,ARRIVAL,Port,GRESIK,2021-12-17 10:42 UTC,GRESIK,GRESIK,Not in Transit,525200037,9791365,2021-12-17 09:29 UTC,Tug,-,-,Indonesia
JAYANEGARA 203,ARRIVAL,Port,GRESIK,2021-12-17 10:43 UTC,GRESIK,GRESIK,Not in Transit,525200068,9793648,2021-12-17 09:22 UTC,Tug,190,-,Indonesia
EQUINOX,ARRIVAL,Port,GRESIK,2021-12-17 10:55 UTC,CIGADING,SURABAYA ANCH,Not in Transit,572145220,9486245,2021-12-15 12:51 UTC,Tanker,19976,-,Tuvalu
KLM BUDI KARYA,DEPARTURE,Port,GRESIK,2021-12-17 11:40 UTC,-,-,In Transit,525600149,0,-,Special Craft,-,-,China
SEJARAH TIRTA EMAS,ARRIVAL,Port,GRESIK,2021-12-17 12:02 UTC,BONTANG,BONTANG,Not in Transit,525500074,0,2021-11-06 01:44 UTC,Cargo,-,-,Indonesia
525000002 99,DEPARTURE,Port,GRESIK,2021-12-17 12:21 UTC,-,-,Not in Transit,525000002,0,2021-12-15 15:53 UTC,Tug,-,-,Indonesia
AS MARINE LIMA,DEPARTURE,Port,GRESIK,2021-12-17 12:39 UTC,-,-,Not in Transit,525200460,9860893,2021-11-28 03:22 UTC,Tanker,4960,-,Indonesia
SINAR MARATUA,ARRIVAL,Port,GRESIK,2021-12-17 12:45 UTC,BONTANG,SURABAYA ANCH,Not in Transit,525109006,9276327,2021-12-12 22:18 UTC,Tanker,3599,-,Indonesia
MERATUS BARITO,ARRIVAL,Port,GRESIK,2021-12-17 13:02 UTC,BANJARMASIN,BANJARMASIN,In Transit,525025043,9458547,2021-12-16 04:04 UTC,Cargo,5073,-,Indonesia
GILI IYANG,DEPARTURE,Port,GRESIK,2021-12-17 13:07 UTC,-,-,Not in Transit,525000109,9717565,2021-12-10 12:37 UTC,Passenger,1109,-,Indonesia
AS PERFECT 3,ARRIVAL,Port,GRESIK,2021-12-17 13:08 UTC,SURABAYA RIVER ANCH,SURABAYA RIVER ANCH,Not in Transit,525010404,0,2021-11-17 22:08 UTC,Passenger,-,-,Indonesia
MICHELLE 219 03,ARRIVAL,Port,GRESIK,2021-12-17 13:11 UTC,BANJARMASIN,BANJARMASIN,Not in Transit,525018246,0,2021-11-12 05:38 UTC,Tug,-,-,Indonesia
MERATUS BARITO,DEPARTURE,Port,GRESIK,2021-12-17 13:32 UTC,-,-,In Transit,525025043,9458547,2021-12-16 04:04 UTC,Cargo,5073,-,Indonesia
TB.AS JAYA 9,ARRIVAL,Port,GRESIK,2021-12-17 13:34 UTC,JAKARTA,JAKARTA,Not in Transit,525000009,0,2021-12-17 12:49 UTC,Tug,-,-,Indonesia
KMN AMANDA JAYA,DEPARTURE,Port,GRESIK,2021-12-17 13:49 UTC,-,-,Not in Transit,525000001,9905954,2021-12-15 06:44 UTC,Fishing,-,-,Indonesia
TB MARUTA V,DEPARTURE,Port,GRESIK,2021-12-17 14:00 UTC,-,-,Not in Transit,525012252,0,2021-12-01 13:18 UTC,Tug,-,-,Indonesia
SEJARAH TIRTA EMAS,DEPARTURE,Port,GRESIK,2021-12-17 14:08 UTC,-,-,Not in Transit,525500074,0,2021-11-06 01:44 UTC,Cargo,-,-,Indonesia
JAYANEGARA 203,DEPARTURE,Port,GRESIK,2021-12-17 14:09 UTC,-,-,Not in Transit,525200068,9793648,2021-12-17 09:22 UTC,Tug,190,-,Indonesia
ATIA MULIA SEJAHTERA,DEPARTURE,Port,GRESIK,2021-12-17 14:13 UTC,-,-,Not in Transit,525800233,0,-,Pleasure Craft,-,-,Indonesia
JAYANEGARA 303,DEPARTURE,Port,GRESIK,2021-12-17 14:13 UTC,-,-,Not in Transit,525200037,9791365,2021-12-17 09:29 UTC,Tug,-,-,Indonesia
MICHELLE 219 03,DEPARTURE,Port,GRESIK,2021-12-17 14:29 UTC,-,-,Not in Transit,525018246,0,2021-11-12 05:38 UTC,Tug,-,-,Indonesia
KM. KURNIA HARAPAN,DEPARTURE,Port,GRESIK,2021-12-17 14:52 UTC,-,-,Not in Transit,525800291,0,2021-11-29 13:22 UTC,Cargo,-,-,Indonesia
SEMAR SEBELAS,ARRIVAL,Port,GRESIK,2021-12-17 15:19 UTC,JAKARTA,SURABAYA RIVER ANCH,Not in Transit,525012302,9028902,2021-12-11 15:17 UTC,Tug,-,-,Indonesia
TB.FLORES 1,ARRIVAL,Port,GRESIK,2021-12-17 15:32 UTC,JAKARTA,JAKARTA ANCH,Not in Transit,525010178,0,2021-12-12 10:37 UTC,Tug,-,-,Indonesia
SEMAR SEBELAS,DEPARTURE,Port,GRESIK,2021-12-17 16:15 UTC,-,-,Not in Transit,525012302,9028902,2021-12-11 15:17 UTC,Tug,-,-,Indonesia
NEW GLOBAL,DEPARTURE,Port,GRESIK,2021-12-17 16:16 UTC,-,-,Not in Transit,525500462,9875599,2021-12-03 16:49 UTC,Tanker,7998,-,Indonesia
JAYANEGARA 203,ARRIVAL,Port,GRESIK,2021-12-17 16:44 UTC,GRESIK,GRESIK,Not in Transit,525200068,9793648,2021-12-17 14:09 UTC,Tug,190,-,Indonesia
SERVEWELL VIRTUE,ARRIVAL,Port,GRESIK,2021-12-17 16:45 UTC,PERTAMINA ABHERKA,PERTAMINA ABHERKA,Not in Transit,525005200,9656539,2021-12-17 11:03 UTC,Special Craft,-,-,Indonesia
JAYANEGARA 303,ARRIVAL,Port,GRESIK,2021-12-17 16:53 UTC,GRESIK,GRESIK,Not in Transit,525200037,9791365,2021-12-17 14:13 UTC,Tug,-,-,Indonesia
KT.SUBALI.2,DEPARTURE,Port,GRESIK,2021-12-17 17:19 UTC,-,-,Not in Transit,525100619,8993746,2021-12-16 08:40 UTC,Tug,-,-,Indonesia
HARAPAN DIRIAH 1,ARRIVAL,Port,GRESIK,2021-12-17 19:16 UTC,JAKARTA,JAKARTA,Not in Transit,525000000,0,2021-12-17 12:53 UTC,Tug,-,-,Indonesia
HARAPAN DIRIAH 1,DEPARTURE,Port,GRESIK,2021-12-17 19:31 UTC,-,-,Not in Transit,525000000,0,2021-12-17 12:53 UTC,Tug,-,-,Indonesia
BEST,ARRIVAL,Port,GRESIK,2021-12-17 22:57 UTC,SURABAYA,SURABAYA RIVER ANCH,Not in Transit,525009083,8804270,2021-12-09 14:59 UTC,Tanker,602,-,Indonesia
SINAR MARATUA,DEPARTURE,Port,GRESIK,2021-12-17 23:16 UTC,-,-,Not in Transit,525109006,9276327,2021-12-12 22:18 UTC,Tanker,3599,-,Indonesia
SAMUDERA 01,ARRIVAL,Port,GRESIK,2021-12-17 23:19 UTC,GRESIK,GRESIK,Not in Transit,525101696,9004724,2021-12-15 09:26 UTC,Special Craft,-,-,Indonesia
SMS VINCENT,DEPARTURE,Port,GRESIK,2021-12-17 23:45 UTC,-,-,Not in Transit,525019391,9459228,2021-12-15 23:17 UTC,Special Craft,96,-,Indonesia
PLJQ,ARRIVAL,Port,GRESIK,2021-12-18 00:07 UTC,BATU AMPAR,BATU AMPAR,Not in Transit,525000001,0,2021-12-18 00:04 UTC,Other,-,-,Indonesia
SEMAR SEBELAS,ARRIVAL,Port,GRESIK,2021-12-18 00:13 UTC,JAKARTA,SURABAYA RIVER ANCH,Not in Transit,525012302,9028902,2021-12-11 15:17 UTC,Tug,-,-,Indonesia
TIRTA SAMUDRA XXVI,ARRIVAL,Port,GRESIK,2021-12-18 00:22 UTC,SAMPIT,SURABAYA RIVER ANCH,Not in Transit,525022013,9642655,2021-12-10 11:37 UTC,Cargo,3000,-,Indonesia
JAYANEGARA 303,DEPARTURE,Port,GRESIK,2021-12-18 00:32 UTC,-,-,Not in Transit,525200037,9791365,2021-12-17 14:13 UTC,Tug,-,-,Indonesia
SM.02,ARRIVAL,Port,GRESIK,2021-12-18 01:17 UTC,SAMPIT,SURABAYA RIVER ANCH,Not in Transit,525500367,0,2021-11-09 21:40 UTC,Tug,-,-,Indonesia
JAYANEGARA 202,ARRIVAL,Port,GRESIK,2021-12-18 02:04 UTC,SURABAYA,SURABAYA,Not in Transit,525200069,9793636,2021-12-18 01:23 UTC,Tug,190,-,Indonesia
BINTANG MUTIARA XXX,DEPARTURE,Port,GRESIK,2021-12-18 02:13 UTC,-,-,Not in Transit,525016636,0,2021-12-09 05:18 UTC,Tug,-,-,Indonesia
TB. BUR 3,ARRIVAL,Port,GRESIK,2021-12-18 02:23 UTC,-,-,Not in Transit,525003248,0,-,Tug,-,-,Indonesia
KM EXPRESS BAHARI 6F,DEPARTURE,Port,GRESIK,2021-12-18 02:31 UTC,-,-,Not in Transit,525500455,0,2021-12-12 05:09 UTC,Passenger,-,-,Indonesia
POLAIR3,DEPARTURE,Port,GRESIK,2021-12-18 02:37 UTC,-,-,Not in Transit,525000003,0,2021-12-14 18:57 UTC,Other,-,-,Indonesia
GOLDEN CYGNUS,DEPARTURE,Port,GRESIK,2021-12-18 02:45 UTC,-,-,Not in Transit,563079900,9498080,2021-12-14 06:02 UTC,Tanker,11575,-,Singapore
TB IVY,DEPARTURE,Port,GRESIK,2021-12-18 02:45 UTC,-,-,Not in Transit,525120003,0,2021-12-04 04:15 UTC,Tug,-,-,Indonesia
SEROJA XXII,ARRIVAL,Port,GRESIK,2021-12-18 02:49 UTC,CILEGON,SURABAYA RIVER ANCH,Not in Transit,525201634,9922873,2021-12-14 08:42 UTC,Tanker,4764,-,Indonesia
PUTRA PASIFIC 01,ARRIVAL,Port,GRESIK,2021-12-18 03:07 UTC,GRESIK,GRESIK,Not in Transit,525000000,0,2021-12-09 12:45 UTC,Tanker,-,-,Indonesia
SEMAR SEBELAS,DEPARTURE,Port,GRESIK,2021-12-18 03:35 UTC,-,-,Not in Transit,525012302,9028902,2021-12-11 15:17 UTC,Tug,-,-,Indonesia
JAYANEGARA 202,DEPARTURE,Port,GRESIK,2021-12-18 04:00 UTC,-,-,Not in Transit,525200069,9793636,2021-12-18 01:23 UTC,Tug,190,-,Indonesia
POLAIR3,ARRIVAL,Port,GRESIK,2021-12-18 04:03 UTC,GRESIK,GRESIK,Not in Transit,525000003,0,2021-12-18 02:37 UTC,Other,-,-,Indonesia
JAYANEGARA 202,ARRIVAL,Port,GRESIK,2021-12-18 04:59 UTC,GRESIK,GRESIK,Not in Transit,525200069,9793636,2021-12-18 04:00 UTC,Tug,190,-,Indonesia
LM KEMPAS,DEPARTURE,Port,GRESIK,2021-12-18 05:25 UTC,-,-,Not in Transit,525101568,9917660,2021-11-28 17:45 UTC,Tug,136,-,Indonesia
POLAIR3,DEPARTURE,Port,GRESIK,2021-12-18 05:52 UTC,-,-,Not in Transit,525000003,0,2021-12-18 02:37 UTC,Other,-,-,Indonesia
SEROJA XVI,ARRIVAL,Port,GRESIK,2021-12-18 06:18 UTC,PALEMBANG,SURABAYA ANCH,Not in Transit,525024402,9767223,2021-12-14 03:41 UTC,Tanker,5573,-,Indonesia
TB.AS JAYA 9,DEPARTURE,Port,GRESIK,2021-12-18 08:00 UTC,-,-,Not in Transit,525000009,0,2021-12-17 12:49 UTC,Tug,-,-,Indonesia
JAYANEGARA 203,DEPARTURE,Port,GRESIK,2021-12-18 09:00 UTC,-,-,Not in Transit,525200068,9793648,2021-12-17 14:09 UTC,Tug,190,-,Indonesia
JAYANEGARA 202,DEPARTURE,Port,GRESIK,2021-12-18 09:02 UTC,-,-,Not in Transit,525200069,9793636,2021-12-18 04:00 UTC,Tug,190,-,Indonesia
JAYANEGARA 203,ARRIVAL,Port,GRESIK,2021-12-18 09:25 UTC,GRESIK,GRESIK,Not in Transit,525200068,9793648,2021-12-18 09:00 UTC,Tug,190,-,Indonesia
JAYANEGARA 202,ARRIVAL,Port,GRESIK,2021-12-18 09:54 UTC,GRESIK,GRESIK,Not in Transit,525200069,9793636,2021-12-18 09:02 UTC,Tug,190,-,Indonesia
SMS VINCENT,ARRIVAL,Port,GRESIK,2021-12-18 10:35 UTC,GRESIK,GRESIK,Not in Transit,525019391,9459228,2021-12-17 23:45 UTC,Special Craft,96,-,Indonesia
SEMAR SEBELAS,ARRIVAL,Port,GRESIK,2021-12-18 11:02 UTC,JAKARTA,SURABAYA RIVER ANCH,Not in Transit,525012302,9028902,2021-12-11 15:17 UTC,Tug,-,-,Indonesia
ZHEN ZHU WAN,ARRIVAL,Port,GRESIK,2021-12-18 11:19 UTC,SUNGAI UDANG,MALACCA ANCH,Not in Transit,413368000,9406855,2021-12-15 07:33 UTC,Tanker,6315,-,China
EMMANUEL C,DEPARTURE,Port,GRESIK,2021-12-18 11:55 UTC,-,-,Not in Transit,538005790,9394909,2021-11-23 19:17 UTC,Cargo,58837,-,Marshall Is
TB.FLORES 1,DEPARTURE,Port,GRESIK,2021-12-18 12:23 UTC,-,-,Not in Transit,525010178,0,2021-12-12 10:37 UTC,Tug,-,-,Indonesia
SEMAR SEBELAS,DEPARTURE,Port,GRESIK,2021-12-18 12:51 UTC,-,-,Not in Transit,525012302,9028902,2021-12-11 15:17 UTC,Tug,-,-,Indonesia
KALTIM EXPRESS 22,DEPARTURE,Port,GRESIK,2021-12-18 14:07 UTC,-,-,In Transit,525400229,8905359,2021-11-26 11:59 UTC,Cargo,1115,-,Indonesia
SHENG HE HAI,ARRIVAL,Port,GRESIK,2021-12-18 14:44 UTC,MESAIEED,SURABAYA ANCH,Not in Transit,414179000,9677325,2021-11-28 10:33 UTC,Cargo,58089,-,China
SEMAR SEBELAS,ARRIVAL,Port,GRESIK,2021-12-18 15:36 UTC,JAKARTA,SURABAYA RIVER ANCH,Not in Transit,525012302,9028902,2021-12-11 15:17 UTC,Tug,-,-,Indonesia
TIRTA SAMUDRA XXX,DEPARTURE,Port,GRESIK,2021-12-18 15:54 UTC,-,-,Not in Transit,525021088,9678836,2021-12-08 09:50 UTC,Cargo,3400,-,Indonesia
BEST,DEPARTURE,Port,GRESIK,2021-12-18 15:56 UTC,-,-,Not in Transit,525009083,8804270,2021-12-09 14:59 UTC,Tanker,602,-,Indonesia
BINTANG MUTIARA 28,DEPARTURE,Port,GRESIK,2021-12-18 16:07 UTC,-,-,Not in Transit,525020280,0,2021-11-28 04:38 UTC,Tug,-,-,Indonesia
DA DE 2,ARRIVAL,Port,GRESIK,2021-12-18 17:27 UTC,LEMBAR,LEMBAR,In Transit,525900940,9895056,2021-12-17 21:12 UTC,Passenger,2956,-,Indonesia
DA DE 2,DEPARTURE,Port,GRESIK,2021-12-18 17:54 UTC,-,-,In Transit,525900940,9895056,2021-12-17 21:12 UTC,Passenger,2956,-,Indonesia
525000002 99,ARRIVAL,Port,GRESIK,2021-12-18 18:06 UTC,GRESIK,GRESIK,Not in Transit,525000002,0,2021-12-17 12:21 UTC,Tug,-,-,Indonesia
POLAIR3,ARRIVAL,Port,GRESIK,2021-12-18 18:39 UTC,KARIANGAU,KARIANGAU,Not in Transit,525000003,0,2021-12-18 09:34 UTC,Other,-,-,Indonesia
JAYANEGARA 304,ARRIVAL,Port,GRESIK,2021-12-18 18:42 UTC,SURABAYA,SURABAYA,Not in Transit,525200036,9791377,2021-12-18 18:27 UTC,Tug,-,-,Indonesia
BINA BENUA 36,ARRIVAL,Port,GRESIK,2021-12-18 19:08 UTC,SEMARANG,SEMARANG,Not in Transit,525300711,0,2021-11-19 22:57 UTC,Tanker,-,-,Indonesia
PUTRA ABADI 77,DEPARTURE,Port,GRESIK,2021-12-18 19:22 UTC,-,-,Not in Transit,525300079,0,2021-12-10 00:53 UTC,Tug,-,-,Indonesia
CITRA 03,DEPARTURE,Port,GRESIK,2021-12-18 19:29 UTC,-,-,Not in Transit,525010160,9655157,2021-12-09 01:35 UTC,Tug,-,-,Indonesia
MLB 01,ARRIVAL,Port,GRESIK,2021-12-18 19:38 UTC,-,-,Not in Transit,525022340,0,-,Tug,-,-,Indonesia
JAYANEGARA 203,DEPARTURE,Port,GRESIK,2021-12-18 19:42 UTC,-,-,Not in Transit,525200068,9793648,2021-12-18 09:00 UTC,Tug,190,-,Indonesia
JAYANEGARA 304,DEPARTURE,Port,GRESIK,2021-12-18 19:42 UTC,-,-,Not in Transit,525200036,9791377,2021-12-18 18:27 UTC,Tug,-,-,Indonesia
TB.SAMUDRA SINDO 28,ARRIVAL,Port,GRESIK,2021-12-18 20:01 UTC,SURABAYA,SURABAYA RIVER ANCH,Not in Transit,525200705,0,2021-12-13 00:39 UTC,Tug,-,-,Indonesia
TB SEWALI,ARRIVAL,Port,GRESIK,2021-12-18 20:17 UTC,JAKARTA,SURABAYA RIVER ANCH,Not in Transit,525119138,0,2021-12-11 15:08 UTC,Tug,-,-,Indonesia
KLM PALAEKA JUARA,DEPARTURE,Port,GRESIK,2021-12-18 20:52 UTC,-,-,Not in Transit,525500846,0,2021-11-24 23:12 UTC,Cargo,-,-,Indonesia
JAYANEGARA 203,ARRIVAL,Port,GRESIK,2021-12-18 21:37 UTC,GRESIK,GRESIK,Not in Transit,525200068,9793648,2021-12-18 19:42 UTC,Tug,190,-,Indonesia
JAYANEGARA 304,ARRIVAL,Port,GRESIK,2021-12-18 21:47 UTC,GRESIK,GRESIK,Not in Transit,525200036,9791377,2021-12-18 19:42 UTC,Tug,-,-,Indonesia
525000002 99,DEPARTURE,Port,GRESIK,2021-12-18 22:04 UTC,-,-,Not in Transit,525000002,0,2021-12-17 12:21 UTC,Tug,-,-,Indonesia
DUTA KAPUAS 23,ARRIVAL,Port,GRESIK,2021-12-18 23:54 UTC,SAMPIT,SAMPIT,Not in Transit,525300333,0,2021-12-13 20:15 UTC,Tug,-,-,Indonesia
TB FRANSISCUS 01,ARRIVAL,Port,GRESIK,2021-12-19 00:30 UTC,SURABAYA RIVER ANCH,SURABAYA RIVER ANCH,Not in Transit,525023400,0,2021-12-18 00:01 UTC,Tug,-,-,Indonesia
CAVALO MARINHO 05,DEPARTURE,Port,GRESIK,2021-12-19 00:36 UTC,-,-,Not in Transit,525023290,0,2021-11-20 02:35 UTC,Tug,-,-,Indonesia
TB.FLORES 1,ARRIVAL,Port,GRESIK,2021-12-19 00:56 UTC,GRESIK,GRESIK,Not in Transit,525010178,0,2021-12-18 12:23 UTC,Tug,-,-,Indonesia
JAYANEGARA 304,DEPARTURE,Port,GRESIK,2021-12-19 01:15 UTC,-,-,Not in Transit,525200036,9791377,2021-12-18 19:42 UTC,Tug,-,-,Indonesia
TB.PUTRA PALOPO,ARRIVAL,Port,GRESIK,2021-12-19 01:59 UTC,SURABAYA ANCH,SURABAYA ANCH,Not in Transit,525100234,0,2021-11-26 11:52 UTC,Passenger,-,-,Indonesia
SIRIUS,ARRIVAL,Port,GRESIK,2021-12-19 02:08 UTC,BITUNG,BITUNG,Not in Transit,525023202,9060625,2021-12-09 07:15 UTC,Tanker,2999,-,Indonesia
EXPRESS BAHARI 8E,DEPARTURE,Port,GRESIK,2021-12-19 02:20 UTC,-,-,Not in Transit,525018298,0,2021-12-12 02:32 UTC,Passenger,-,-,Indonesia
SEMAR SEBELAS,DEPARTURE,Port,GRESIK,2021-12-19 02:45 UTC,-,-,Not in Transit,525012302,9028902,2021-12-11 15:17 UTC,Tug,-,-,Indonesia
SINDO OCEAN III,ARRIVAL,Port,GRESIK,2021-12-19 02:55 UTC,SURABAYA,SURABAYA RIVER ANCH,Not in Transit,525020149,0,2021-12-17 18:42 UTC,Tug,-,-,Indonesia
ANUGERAH BUANA III,DEPARTURE,Port,GRESIK,2021-12-19 03:16 UTC,-,-,Not in Transit,525015259,7109556,2021-12-10 02:47 UTC,Cargo,2239,-,Indonesia
KM.OPTIMUS,DEPARTURE,Port,GRESIK,2021-12-19 03:34 UTC,-,-,Not in Transit,525016752,0,2021-12-12 01:09 UTC,Cargo,-,-,Indonesia
JAYANEGARA 203,DEPARTURE,Port,GRESIK,2021-12-19 03:36 UTC,-,-,Not in Transit,525200068,9793648,2021-12-18 19:42 UTC,Tug,190,-,Indonesia
JAYANEGARA 203,ARRIVAL,Port,GRESIK,2021-12-19 03:53 UTC,GRESIK,GRESIK,Not in Transit,525200068,9793648,2021-12-19 03:36 UTC,Tug,190,-,Indonesia
SHANNON,ARRIVAL,Port,GRESIK,2021-12-19 04:24 UTC,GRESIK,GRESIK,Not in Transit,525019530,9016844,2021-12-16 12:21 UTC,Cargo,1561,-,Indonesia
AS PERFECT 3,DEPARTURE,Port,GRESIK,2021-12-19 05:04 UTC,-,-,Not in Transit,525010404,0,2021-11-17 22:08 UTC,Passenger,-,-,Indonesia
TB.MARINA SATU,ARRIVAL,Port,GRESIK,2021-12-19 05:32 UTC,SURABAYA RIVER ANCH,SURABAYA RIVER ANCH,In Transit,525400415,0,2021-12-19 05:02 UTC,Tug,-,-,Indonesia
KLM HASIL BAHTRA B,ARRIVAL,Port,GRESIK,2021-12-19 05:47 UTC,PONTIANAK,PONTIANAK,Not in Transit,525800699,0,2021-12-16 00:20 UTC,Cargo,-,-,Indonesia
TB.MARINA SATU,DEPARTURE,Port,GRESIK,2021-12-19 06:03 UTC,-,-,In Transit,525400415,0,2021-12-19 05:02 UTC,Tug,-,-,Indonesia
MLB 01,DEPARTURE,Port,GRESIK,2021-12-19 08:18 UTC,-,-,Not in Transit,525022340,0,-,Tug,-,-,Indonesia
SAMUDERA 01,DEPARTURE,Port,GRESIK,2021-12-19 08:29 UTC,-,-,Not in Transit,525101696,9004724,2021-12-15 09:26 UTC,Special Craft,-,-,Indonesia
TB.MARINO 188,ARRIVAL,Port,GRESIK,2021-12-19 08:54 UTC,BANJARMASIN,BANJARMASIN,Not in Transit,525010201,0,2021-12-15 15:57 UTC,Tug,-,-,Indonesia
BUMA ONYX,ARRIVAL,Port,GRESIK,2021-12-19 09:05 UTC,SURABAYA,SURABAYA,Not in Transit,525200896,0,2021-12-18 23:25 UTC,Tug,-,-,Indonesia
CAHAYA MUSTIKA LAUT 1,DEPARTURE,Port,GRESIK,2021-12-19 09:42 UTC,-,-,Not in Transit,525200941,9128805,2021-12-10 16:21 UTC,Cargo,23564,-,Indonesia
NBP PERDANA,DEPARTURE,Port,GRESIK,2021-12-19 11:28 UTC,-,-,Not in Transit,525300571,0,2021-10-31 05:51 UTC,Tug,-,-,Indonesia
TB.FLORES 1,DEPARTURE,Port,GRESIK,2021-12-19 12:40 UTC,-,-,Not in Transit,525010178,0,2021-12-18 12:23 UTC,Tug,-,-,Indonesia
PELITA MANDIRI 8,DEPARTURE,Port,GRESIK,2021-12-19 12:59 UTC,-,-,Not in Transit,525016018,9004669,2021-12-03 23:53 UTC,Cargo,6944,-,Indonesia
NAVIG8 AXINITE,ARRIVAL,Port,GRESIK,2021-12-19 13:47 UTC,HUANGGE,SURABAYA ANCH,Not in Transit,538005778,9719771,2021-12-13 02:45 UTC,Tanker,37596,-,Marshall Is
525000002 99,ARRIVAL,Port,GRESIK,2021-12-19 13:51 UTC,GRESIK,GRESIK,Not in Transit,525000002,0,2021-12-18 22:04 UTC,Tug,-,-,Indonesia
TMH 10,ARRIVAL,Port,GRESIK,2021-12-19 14:20 UTC,GARONGKONG,GARONGKONG,Not in Transit,525200509,0,2021-11-25 05:43 UTC,Tug,-,-,Indonesia
SEMAR SEBELAS,ARRIVAL,Port,GRESIK,2021-12-19 14:22 UTC,GRESIK,GRESIK,Not in Transit,525012302,9028902,2021-12-19 02:45 UTC,Tug,-,-,Indonesia
BSP XX,ARRIVAL,Port,GRESIK,2021-12-19 15:05 UTC,SEMARANG,SURABAYA ANCH,Not in Transit,525003366,9778258,2021-12-10 14:19 UTC,Cargo,3500,-,Indonesia
SATRIA LAKSANA 188,ARRIVAL,Port,GRESIK,2021-12-19 15:38 UTC,GRESIK,GRESIK,Not in Transit,525400489,0,2021-11-17 06:29 UTC,Tug,-,-,Indonesia
EQUINOX,DEPARTURE,Port,GRESIK,2021-12-19 15:48 UTC,-,-,Not in Transit,572145220,9486245,2021-12-15 12:51 UTC,Tanker,19976,-,Tuvalu
TB SUMBER MARINE 5,ARRIVAL,Port,GRESIK,2021-12-19 16:03 UTC,SURABAYA RIVER ANCH,SURABAYA RIVER ANCH,Not in Transit,525000000,0,2021-11-29 11:15 UTC,Tug,-,-,Indonesia
TB SEWALI,DEPARTURE,Port,GRESIK,2021-12-19 16:15 UTC,-,-,Not in Transit,525119138,0,2021-12-11 15:08 UTC,Tug,-,-,Indonesia
BERKAH 99,ARRIVAL,Port,GRESIK,2021-12-19 16:51 UTC,CILEGON,SURABAYA ANCH,Not in Transit,538003834,9200457,2021-12-13 07:53 UTC,Cargo,48220,-,Marshall Is
KT.SUBALI.2,ARRIVAL,Port,GRESIK,2021-12-19 18:02 UTC,SURABAYA,SURABAYA,Not in Transit,525100619,8993746,2021-12-19 17:46 UTC,Tug,-,-,Indonesia
JAYANEGARA 202,DEPARTURE,Port,GRESIK,2021-12-19 19:09 UTC,-,-,Not in Transit,525200069,9793636,2021-12-18 09:02 UTC,Tug,190,-,Indonesia
TB.SAMUDRA SINDO 28,DEPARTURE,Port,GRESIK,2021-12-19 20:28 UTC,-,-,Not in Transit,525200705,0,2021-12-13 00:39 UTC,Tug,-,-,Indonesia
TB.BINTANG MUTIARA37,ARRIVAL,Port,GRESIK,2021-12-19 20:37 UTC,SURABAYA,SURABAYA RIVER ANCH,Not in Transit,525200931,0,2021-12-15 02:49 UTC,Tug,-,-,Indonesia
CONCORD,ARRIVAL,Port,GRESIK,2021-12-19 21:50 UTC,PASIR GUDANG,SURABAYA ANCH,Not in Transit,525119166,9274006,2021-12-15 09:21 UTC,Tanker,8578,-,Indonesia
525000002 99,DEPARTURE,Port,GRESIK,2021-12-19 22:43 UTC,-,-,Not in Transit,525000002,0,2021-12-18 22:04 UTC,Tug,-,-,Indonesia
LCT. RPB XVII,ARRIVAL,Port,GRESIK,2021-12-19 22:49 UTC,GRESIK,GRESIK,Not in Transit,525005380,0,2021-12-08 21:25 UTC,Other,-,-,Indonesia
TB.DUTA KAPUAS 12,ARRIVAL,Port,GRESIK,2021-12-19 23:29 UTC,SURABAYA,SURABAYA,In Transit,525300259,0,2021-11-14 04:51 UTC,Special Craft,-,-,Indonesia
SEROJA XXII,DEPARTURE,Port,GRESIK,2021-12-19 23:36 UTC,-,-,Not in Transit,525201634,9922873,2021-12-14 08:42 UTC,Tanker,4764,-,Indonesia
SEROJA XVI,DEPARTURE,Port,GRESIK,2021-12-19 23:59 UTC,-,-,Not in Transit,525024402,9767223,2021-12-14 03:41 UTC,Tanker,5573,-,Indonesia
